reference,value,ordering_code_or_pending,vendor_source,footprint_released
U1,TPS7A1650DGNR,TPS7A1650DGNR,https://www.ti.com/lit/ds/symlink/tps7a16.pdf,False
U2,REF5025IDR,REF5025IDR,https://www.ti.com/lit/ds/symlink/ref50.pdf,False
U3,TLV3201DBVR,TLV3201DBVR,https://www.ti.com/lit/ds/symlink/tlv3201.pdf,False
U4,UCC27511DBVR,UCC27511DBVR,https://www.ti.com/lit/ds/symlink/ucc27511.pdf,False
R1,100000 ohm,"precision 0.1%, 25ppm/K; exact ordering code pending",,False
R2,10700 ohm,"precision 0.1%, 25ppm/K; exact ordering code pending",,False
R3,1650000 ohm,"precision 0.1%, 25ppm/K; exact ordering code pending",,False
R4,10000 ohm,"precision 0.1%, 25ppm/K; exact ordering code pending",,False
Q1,BSC027N06LS5,BSC027N06LS5,https://www.infineon.com/assets/row/public/documents/24/49/infineon-bsc027n06ls5-datasheet-en.pdf,False
RG1,2.2 ohm,"2.2 ohm 1%, exact ordering code pending",,False
RP1,100000 ohm,"100k 1%, exact ordering code pending",,False
Q2,BSC027N06LS5,BSC027N06LS5,https://www.infineon.com/assets/row/public/documents/24/49/infineon-bsc027n06ls5-datasheet-en.pdf,False
RG2,2.2 ohm,"2.2 ohm 1%, exact ordering code pending",,False
RP2,100000 ohm,"100k 1%, exact ordering code pending",,False
Q3,BSC027N06LS5,BSC027N06LS5,https://www.infineon.com/assets/row/public/documents/24/49/infineon-bsc027n06ls5-datasheet-en.pdf,False
RG3,2.2 ohm,"2.2 ohm 1%, exact ordering code pending",,False
RP3,100000 ohm,"100k 1%, exact ordering code pending",,False
Q4,BSC027N06LS5,BSC027N06LS5,https://www.infineon.com/assets/row/public/documents/24/49/infineon-bsc027n06ls5-datasheet-en.pdf,False
RG4,2.2 ohm,"2.2 ohm 1%, exact ordering code pending",,False
RP4,100000 ohm,"100k 1%, exact ordering code pending",,False
C1,35SVPF120M,35SVPF120M,https://industrial.panasonic.com/cdbs/www-data/pdf/AAB8000/AAB8000COL88.pdf,False
C2,35SVPF120M,35SVPF120M,https://industrial.panasonic.com/cdbs/www-data/pdf/AAB8000/AAB8000COL88.pdf,False
C3,35SVPF120M,35SVPF120M,https://industrial.panasonic.com/cdbs/www-data/pdf/AAB8000/AAB8000COL88.pdf,False
C4,35SVPF120M,35SVPF120M,https://industrial.panasonic.com/cdbs/www-data/pdf/AAB8000/AAB8000COL88.pdf,False
C5,35SVPF120M,35SVPF120M,https://industrial.panasonic.com/cdbs/www-data/pdf/AAB8000/AAB8000COL88.pdf,False
C6,35SVPF120M,35SVPF120M,https://industrial.panasonic.com/cdbs/www-data/pdf/AAB8000/AAB8000COL88.pdf,False
C7,35SVPF120M,35SVPF120M,https://industrial.panasonic.com/cdbs/www-data/pdf/AAB8000/AAB8000COL88.pdf,False
C8,35SVPF120M,35SVPF120M,https://industrial.panasonic.com/cdbs/www-data/pdf/AAB8000/AAB8000COL88.pdf,False
C11,10 uF,"ceramic, voltage and DC bias qualification pending",,False
C12,10 uF,"ceramic, voltage and DC bias qualification pending",,False
C13,0.1 uF,"ceramic, voltage and DC bias qualification pending",,False
C14,1 uF,"ceramic, voltage and DC bias qualification pending",,False
C15,0.0001 uF,"ceramic, voltage and DC bias qualification pending",,False
J1,protected motor bus solder pads,custom PCB copper pads; routing pending,,False
J2,brake resistor solder pads,custom PCB copper pads; routing pending,,False
J3,bias ready monitor,"header pending; monitor only, not brake control",,False
RD1,LTO100F4R700FTE3,LTO100F4R700FTE3,https://www.vishay.com/docs/50051/lto100.pdf,False
RD2,LTO100F4R700FTE3,LTO100F4R700FTE3,https://www.vishay.com/docs/50051/lto100.pdf,False
RD3,LTO100F4R700FTE3,LTO100F4R700FTE3,https://www.vishay.com/docs/50051/lto100.pdf,False
RD4,LTO100F4R700FTE3,LTO100F4R700FTE3,https://www.vishay.com/docs/50051/lto100.pdf,False
RD5,LTO100F4R700FTE3,LTO100F4R700FTE3,https://www.vishay.com/docs/50051/lto100.pdf,False
RD6,LTO100F4R700FTE3,LTO100F4R700FTE3,https://www.vishay.com/docs/50051/lto100.pdf,False
RD7,LTO100F4R700FTE3,LTO100F4R700FTE3,https://www.vishay.com/docs/50051/lto100.pdf,False
RD8,LTO100F4R700FTE3,LTO100F4R700FTE3,https://www.vishay.com/docs/50051/lto100.pdf,False
C9,35SVPF120M,35SVPF120M,https://industrial.panasonic.com/cdbs/www-data/pdf/AAB8000/AAB8000COL88.pdf,False
C10,35SVPF120M,35SVPF120M,https://industrial.panasonic.com/cdbs/www-data/pdf/AAB8000/AAB8000COL88.pdf,False
