ref,value,ordering_code_candidate,footprint,qualification
U1,TPS7A1650DGNR,TPS7A1650DGNR,dgn8,PRIMARY_DATASHEET_BOUND_NOT_PURCHASE_RELEASE
U2,REF5025IDR,REF5025IDR,soic8,PRIMARY_DATASHEET_BOUND_NOT_PURCHASE_RELEASE
U3,TLV3201DBVR,TLV3201DBVR,dbv5,PRIMARY_DATASHEET_BOUND_NOT_PURCHASE_RELEASE
U4,UCC27511DBVR,UCC27511DBVR,dbv6,PRIMARY_DATASHEET_BOUND_NOT_PURCHASE_RELEASE
R1,100000 ohm,RT0603BRD07100KL,r0603,CATALOG_ORDER_CODE_CANDIDATE_NOT_STOCK_OR_PURCHASE_RELEASE
R2,10700 ohm,RT0603BRD0710K7L,r0603,CATALOG_ORDER_CODE_CANDIDATE_NOT_STOCK_OR_PURCHASE_RELEASE
R3,825000 ohm,RT0603BRD07825KL,r0603,CATALOG_ORDER_CODE_CANDIDATE_NOT_STOCK_OR_PURCHASE_RELEASE
R4,10000 ohm,RT0603BRD0710KL,r0603,CATALOG_ORDER_CODE_CANDIDATE_NOT_STOCK_OR_PURCHASE_RELEASE
Q1,BSC027N06LS5,BSC027N06LS5,tdson8,PRIMARY_DATASHEET_BOUND_NOT_PURCHASE_RELEASE
RG1,2.2 ohm,"2.2 ohm 1%, exact ordering code pending",r0603,VALUE_AND_ENVELOPE_ONLY_EXACT_SKU_PENDING
RP1,100000 ohm,"100k 1%, exact ordering code pending",r0603,VALUE_AND_ENVELOPE_ONLY_EXACT_SKU_PENDING
Q2,BSC027N06LS5,BSC027N06LS5,tdson8,PRIMARY_DATASHEET_BOUND_NOT_PURCHASE_RELEASE
RG2,2.2 ohm,"2.2 ohm 1%, exact ordering code pending",r0603,VALUE_AND_ENVELOPE_ONLY_EXACT_SKU_PENDING
RP2,100000 ohm,"100k 1%, exact ordering code pending",r0603,VALUE_AND_ENVELOPE_ONLY_EXACT_SKU_PENDING
Q3,BSC027N06LS5,BSC027N06LS5,tdson8,PRIMARY_DATASHEET_BOUND_NOT_PURCHASE_RELEASE
RG3,2.2 ohm,"2.2 ohm 1%, exact ordering code pending",r0603,VALUE_AND_ENVELOPE_ONLY_EXACT_SKU_PENDING
RP3,100000 ohm,"100k 1%, exact ordering code pending",r0603,VALUE_AND_ENVELOPE_ONLY_EXACT_SKU_PENDING
Q4,BSC027N06LS5,BSC027N06LS5,tdson8,PRIMARY_DATASHEET_BOUND_NOT_PURCHASE_RELEASE
RG4,2.2 ohm,"2.2 ohm 1%, exact ordering code pending",r0603,VALUE_AND_ENVELOPE_ONLY_EXACT_SKU_PENDING
RP4,100000 ohm,"100k 1%, exact ordering code pending",r0603,VALUE_AND_ENVELOPE_ONLY_EXACT_SKU_PENDING
C1,35SVPF120M,35SVPF120M,f12,PRIMARY_DATASHEET_BOUND_NOT_PURCHASE_RELEASE
C2,35SVPF120M,35SVPF120M,f12,PRIMARY_DATASHEET_BOUND_NOT_PURCHASE_RELEASE
C3,35SVPF120M,35SVPF120M,f12,PRIMARY_DATASHEET_BOUND_NOT_PURCHASE_RELEASE
C4,35SVPF120M,35SVPF120M,f12,PRIMARY_DATASHEET_BOUND_NOT_PURCHASE_RELEASE
C5,35SVPF120M,35SVPF120M,f12,PRIMARY_DATASHEET_BOUND_NOT_PURCHASE_RELEASE
C6,35SVPF120M,35SVPF120M,f12,PRIMARY_DATASHEET_BOUND_NOT_PURCHASE_RELEASE
C7,35SVPF120M,35SVPF120M,f12,PRIMARY_DATASHEET_BOUND_NOT_PURCHASE_RELEASE
C8,35SVPF120M,35SVPF120M,f12,PRIMARY_DATASHEET_BOUND_NOT_PURCHASE_RELEASE
C11,10 uF,"ceramic, voltage and DC bias qualification pending",c1210,VALUE_AND_ENVELOPE_ONLY_EXACT_SKU_PENDING
C12,10 uF,"ceramic, voltage and DC bias qualification pending",c1206,VALUE_AND_ENVELOPE_ONLY_EXACT_SKU_PENDING
C13,0.1 uF,"ceramic, voltage and DC bias qualification pending",c0603,VALUE_AND_ENVELOPE_ONLY_EXACT_SKU_PENDING
C14,1 uF,"ceramic, voltage and DC bias qualification pending",c0805,VALUE_AND_ENVELOPE_ONLY_EXACT_SKU_PENDING
C15,0.0001 uF,"ceramic, voltage and DC bias qualification pending",c0603,VALUE_AND_ENVELOPE_ONLY_EXACT_SKU_PENDING
J1,protected motor bus solder pads,"custom PCB solder terminals; current, strain relief and soldering qualification pending",power_terminal,CUSTOM_TERMINAL_CANDIDATE_NOT_CURRENT_RELEASE
J2,brake resistor solder pads,"custom PCB solder terminals; current, strain relief and soldering qualification pending",power_terminal,CUSTOM_TERMINAL_CANDIDATE_NOT_CURRENT_RELEASE
J3,bias ready monitor,"header pending; monitor only, not brake control",monitor_header,VALUE_AND_ENVELOPE_ONLY_EXACT_SKU_PENDING
RD1,LTO100F4R700FTE3,LTO100F4R700FTE3,off_board,PRIMARY_DATASHEET_BOUND_NOT_PURCHASE_RELEASE
RD2,LTO100F4R700FTE3,LTO100F4R700FTE3,off_board,PRIMARY_DATASHEET_BOUND_NOT_PURCHASE_RELEASE
RD3,LTO100F4R700FTE3,LTO100F4R700FTE3,off_board,PRIMARY_DATASHEET_BOUND_NOT_PURCHASE_RELEASE
RD4,LTO100F4R700FTE3,LTO100F4R700FTE3,off_board,PRIMARY_DATASHEET_BOUND_NOT_PURCHASE_RELEASE
RD5,LTO100F4R700FTE3,LTO100F4R700FTE3,off_board,PRIMARY_DATASHEET_BOUND_NOT_PURCHASE_RELEASE
RD6,LTO100F4R700FTE3,LTO100F4R700FTE3,off_board,PRIMARY_DATASHEET_BOUND_NOT_PURCHASE_RELEASE
RD7,LTO100F4R700FTE3,LTO100F4R700FTE3,off_board,PRIMARY_DATASHEET_BOUND_NOT_PURCHASE_RELEASE
RD8,LTO100F4R700FTE3,LTO100F4R700FTE3,off_board,PRIMARY_DATASHEET_BOUND_NOT_PURCHASE_RELEASE
C9,35SVPF120M,35SVPF120M,f12,PRIMARY_DATASHEET_BOUND_NOT_PURCHASE_RELEASE
C10,35SVPF120M,35SVPF120M,f12,PRIMARY_DATASHEET_BOUND_NOT_PURCHASE_RELEASE
R31,825000 ohm,RT0603BRD07825KL,r0603,CATALOG_ORDER_CODE_CANDIDATE_NOT_STOCK_OR_PURCHASE_RELEASE
C16,1 uF,Exact MLCC SKU and effective capacitance pending,c0805,VALUE_AND_ENVELOPE_ONLY_EXACT_SKU_PENDING
C17,1 uF,Exact MLCC SKU and effective capacitance pending,c0805,VALUE_AND_ENVELOPE_ONLY_EXACT_SKU_PENDING
C18,0.1 uF,Exact MLCC SKU and effective capacitance pending,c0603,VALUE_AND_ENVELOPE_ONLY_EXACT_SKU_PENDING
C19,0.1 uF,Exact MLCC SKU and effective capacitance pending,c0603,VALUE_AND_ENVELOPE_ONLY_EXACT_SKU_PENDING
C20,0.01 uF,Exact MLCC SKU and effective capacitance pending,c0603,VALUE_AND_ENVELOPE_ONLY_EXACT_SKU_PENDING
