name,parent,pivot_world_at_zero_m,axis_parent,range_rad,q_neutral_rad,action_scale_rad,kp_nm_rad,kd_nm_s_rad,torque_peak_limit_nm,continuous_design_limit_nm,speed_limit_rad_s,armature_kg_m2,frictionloss_nm,damping_nm_s_rad,actuator,limits_status,actuation_joint
neck_yaw,torso,"[0.043,0.0,0.3457]","[0.0,0.0,1.0]","[-0.5,0.5]",0.0,0.5,12.0,0.7,2.0,1.04,38.746309394274114,0.0009734999999999999,0.03,0.01,ak40_10_v3,unreleased candidate ranges; full combined native sweep has not passed,
neck_pitch,neck_yaw,"[0.043,0.0,0.41169999999999995]","[0.0,1.0,0.0]","[-0.6,2.6]",0.0,2.6,100.0,3.5,12.0,6.4,4.1887902047863905,0.02357424,0.4,0.01,ak45_36_v3,unreleased candidate ranges; full combined native sweep has not passed,
neck_mid_pitch,neck_pitch,"[-0.03,0.0,0.5157]","[0.0,1.0,0.0]","[-1.4,1.4]",0.0,1.4,100.0,3.5,12.0,6.4,4.1887902047863905,0.02357424,0.4,0.01,ak45_36_v3,unreleased candidate ranges; full combined native sweep has not passed,
head_pitch,neck_mid_pitch,"[0.042,0.0,0.6087]","[0.0,1.0,0.0]","[-1.6,1.6]",0.0,1.6,20.0,0.7,4.0,2.0,12.56637061435917,0.0015733,0.05,0.01,ak45_10_v3,unreleased candidate ranges; full combined native sweep has not passed,
head_roll,head_pitch,"[0.081,0.0,0.5892000000000001]","[1.0,0.0,0.0]","[-0.6,0.6]",0.0,0.6,2.0,0.1,0.18,0.14,3.0,2e-05,0.006,0.01,xc330_m288_t,unreleased candidate ranges; full combined native sweep has not passed,
beak_hinge,head_roll,"[0.16,0.0,0.5797]","[0.0,1.0,0.0]","[0.0,0.55]",0.0,0.55,12.0,0.6,4.5,4.4,1.0,0.0,0.0,0.01,ak45_36_v3_parallel_crank_1_to_1,unreleased candidate ranges; full combined native sweep has not passed,beak_input_rotor
right_hip_yaw,torso,"[-0.018,-0.065,0.3387]","[0.0,0.0,1.0]","[-0.6,0.6]",0.0,0.6,12.0,0.7,2.0,1.04,38.746309394274114,0.0009734999999999999,0.03,0.01,ak40_10_v3,unreleased candidate ranges; full combined native sweep has not passed,
right_hip_roll,right_hip_yaw,"[-0.051,-0.065,0.2837]","[1.0,0.0,0.0]","[-0.5,0.5]",0.0,0.5,100.0,3.5,12.0,6.4,4.1887902047863905,0.02357424,0.4,0.01,ak45_36_v3,unreleased candidate ranges; full combined native sweep has not passed,
right_hip_pitch,right_hip_roll,"[0.015,-0.076,0.2707]","[0.0,-1.0,0.0]","[-1.1,1.1]",0.0,1.1,100.0,3.5,12.0,6.4,4.1887902047863905,0.02357424,0.4,0.01,ak45_36_v3,unreleased candidate ranges; full combined native sweep has not passed,
right_knee_pitch,right_hip_pitch,"[-0.05,-0.076,0.1557]","[0.0,-1.0,0.0]","[-0.2,1.8]",0.0,1.8,100.0,3.5,12.0,6.4,4.1887902047863905,0.02357424,0.4,0.01,ak45_36_v3,unreleased candidate ranges; full combined native sweep has not passed,
right_ankle_pitch,right_knee_pitch,"[0.001,-0.076,0.0657]","[0.0,-1.0,0.0]","[-1.1,1.1]",0.0,1.1,100.0,3.5,12.0,6.4,4.1887902047863905,0.02357424,0.4,0.01,ak45_36_v3,unreleased candidate ranges; full combined native sweep has not passed,
right_ankle_roll,right_ankle_pitch,"[0.061,-0.076,0.0397]","[1.0,0.0,0.0]","[-0.5,0.5]",0.0,0.5,20.0,0.7,4.0,2.0,12.56637061435917,0.0015733,0.05,0.01,ak45_10_v3,unreleased candidate ranges; full combined native sweep has not passed,
left_hip_yaw,torso,"[-0.018,0.065,0.3387]","[0.0,0.0,1.0]","[-0.6,0.6]",0.0,0.6,12.0,0.7,2.0,1.04,38.746309394274114,0.0009734999999999999,0.03,0.01,ak40_10_v3,unreleased candidate ranges; full combined native sweep has not passed,
left_hip_roll,left_hip_yaw,"[-0.051,0.065,0.2837]","[1.0,0.0,0.0]","[-0.5,0.5]",0.0,0.5,100.0,3.5,12.0,6.4,4.1887902047863905,0.02357424,0.4,0.01,ak45_36_v3,unreleased candidate ranges; full combined native sweep has not passed,
left_hip_pitch,left_hip_roll,"[0.015,0.076,0.2707]","[0.0,1.0,0.0]","[-1.1,1.1]",0.0,1.1,100.0,3.5,12.0,6.4,4.1887902047863905,0.02357424,0.4,0.01,ak45_36_v3,unreleased candidate ranges; full combined native sweep has not passed,
left_knee_pitch,left_hip_pitch,"[-0.05,0.076,0.1557]","[0.0,1.0,0.0]","[-1.8,0.2]",0.0,1.8,100.0,3.5,12.0,6.4,4.1887902047863905,0.02357424,0.4,0.01,ak45_36_v3,unreleased candidate ranges; full combined native sweep has not passed,
left_ankle_pitch,left_knee_pitch,"[0.001,0.076,0.0657]","[0.0,1.0,0.0]","[-1.1,1.1]",0.0,1.1,100.0,3.5,12.0,6.4,4.1887902047863905,0.02357424,0.4,0.01,ak45_36_v3,unreleased candidate ranges; full combined native sweep has not passed,
left_ankle_roll,left_ankle_pitch,"[0.061,0.076,0.0397]","[1.0,0.0,0.0]","[-0.5,0.5]",0.0,0.5,20.0,0.7,4.0,2.0,12.56637061435917,0.0015733,0.05,0.01,ak45_10_v3,unreleased candidate ranges; full combined native sweep has not passed,
