name,mass_kg,com_local_m,inertia_at_com_body_kg_m2,mass_relative_design_uncertainty,com_randomization_m,inertia_multiplier_range
torso,2.139778303801596,"[-0.014389894983653841,-0.001738448465116661,0.3296904509664174]","[[0.00833873217021312,-0.00018877653045263205,0.0009833920122658585],[-0.00018877653045263205,0.014436806732315748,1.2396853115518839e-05],[0.0009833920122658585,1.2396853115518839e-05,0.016845959476944214]]",0.153608599222835,0.005,"[0.8,1.2]"
neck_yaw,0.45294349124138206,"[-1.7268310993634461e-07,-0.0007048891988300066,0.060960584342048596]","[[0.0003043983388213051,1.8727081926409902e-09,3.236493454694765e-08],[1.8727081926409902e-09,0.00023774486791757572,8.80694804842628e-06],[3.236493454694765e-08,8.80694804842628e-06,0.00023083202677042967]]",0.04606391200578971,0.003,"[0.8,1.2]"
neck_pitch,0.6107350780492311,"[-0.05799548597643267,-0.0009078086584944603,0.08185788015302148]","[[0.0012909814201038186,-4.547012227302411e-05,0.000556631624350527],[-4.547012227302411e-05,0.0013881252930672055,7.964983467041426e-05],[0.000556631624350527,7.964983467041426e-05,0.0008716258402988986]]",0.07309799192723693,0.003,"[0.8,1.2]"
neck_mid_pitch,0.5145364404531154,"[0.052393753795951604,0.002063425478576288,0.06752041621990124]","[[0.0011354498725309535,6.750631292422952e-05,-0.0005196656193582194],[6.750631292422952e-05,0.0012305544887446453,8.848428021518052e-05],[-0.0005196656193582194,8.848428021518052e-05,0.000879006997896177]]",0.07601724770138138,0.003,"[0.8,1.2]"
head_pitch,0.05813070923092986,"[0.020548682972421815,0.00557068165139365,-0.021424731068606317]","[[2.8138983496849594e-05,5.167956792062875e-06,8.72572809433261e-06],[5.167956792062875e-06,4.06821324478774e-05,-2.3267300960853496e-06],[8.72572809433261e-06,-2.3267300960853496e-06,2.9373054483829766e-05]]",0.13440522275506406,0.003,"[0.8,1.2]"
head_roll,0.6623036806490353,"[0.058303764908962094,-0.0013883783147707615,0.008890099734864432]","[[0.00043734065277421867,-6.799628463130056e-06,0.0001482537480399834],[-6.799628463130056e-06,0.0007403502957221289,3.816954152871421e-06],[0.0001482537480399834,3.816954152871421e-06,0.0007242167669509462]]",0.16368727183170143,0.003,"[0.8,1.2]"
beak_hinge,0.12392251847483363,"[0.021835017835361903,0.002187514969022008,-0.015794075683686293]","[[5.977298891375943e-05,6.597266475994038e-06,3.160097210157377e-05],[6.597266475994038e-06,9.922315901956878e-05,-3.0930371032672544e-06],[3.160097210157377e-05,-3.0930371032672544e-06,0.00011383961182050834]]",0.1,0.003,"[0.8,1.2]"
right_hip_yaw,0.4679029510549537,"[-0.02222674674999112,8.851795824105224e-10,-0.04114163681515337]","[[0.0005134200786291527,-8.413091553620785e-12,-0.0002065414875396822],[-8.413091553620785e-12,0.0007198312073257859,-4.797798841447058e-10],[-0.0002065414875396822,-4.797798841447058e-10,0.00037031396313128126]]",0.05206270883859917,0.003,"[0.8,1.2]"
right_hip_roll,0.4793867924884531,"[0.059580137134601426,-0.010388214790760894,-0.011597649834218682]","[[0.0002604957101858333,-3.249242209490524e-07,2.3518959104301158e-05],[-3.249242209490524e-07,0.0002787778304798859,-5.983451374010338e-06],[2.3518959104301158e-05,-5.983451374010338e-06,0.00035802597796463786]]",0.05321105972993558,0.003,"[0.8,1.2]"
right_hip_pitch,0.5993243195245721,"[-0.051659257799522386,0.001718937647631577,-0.0913936699560374]","[[0.001399502299314565,3.7517105607905606e-05,-0.0005257418807643579],[3.7517105607905606e-05,0.001415588206219582,6.63826168381078e-05],[-0.0005257418807643579,6.63826168381078e-05,0.0007685572503505669]]",0.06257452055709482,0.003,"[0.8,1.2]"
right_knee_pitch,0.6123304183589124,"[0.03970846910665156,0.0007221527825113649,-0.07007417027842668]","[[0.0012368041849337855,-6.568197704963893e-05,0.00037689758660877],[-6.568197704963893e-05,0.0010739961699116369,0.00011590872773519864],[0.00037689758660877,0.00011590872773519864,0.0007863182675660955]]",0.06336945001015312,0.003,"[0.8,1.2]"
right_ankle_pitch,0.4346741956471732,"[0.04590239802950088,-0.005313866191867717,-0.015068831057171363]","[[0.0004914091039474495,-4.867839762923105e-05,0.00012548468940271976],[-4.867839762923105e-05,0.0005055478160767453,1.950273519859892e-05],[0.00012548468940271976,1.950273519859892e-05,0.0005857760745597088]]",0.05780747929447679,0.003,"[0.8,1.2]"
right_ankle_roll,0.29298065203309476,"[-0.015929887580024234,-7.502205121023842e-08,-0.02223754673479878]","[[0.00018492286717255012,2.4534688008297092e-08,-4.0579918865379623e-05],[2.4534688008297092e-08,0.0007942059949554859,2.0168397510318844e-11],[-4.0579918865379623e-05,2.0168397510318844e-11,0.0008753337200319597]]",0.10402979346432731,0.003,"[0.8,1.2]"
left_hip_yaw,0.4679029510549538,"[-0.022226746749991113,8.851796240438858e-10,-0.041141636815153426]","[[0.0005134200786291523,-8.413091373248603e-12,-0.00020654148753968224],[-8.413091373248603e-12,0.0007198312073257856,-4.79779886222981e-10],[-0.00020654148753968224,-4.79779886222981e-10,0.00037031396313128126]]",0.052062708838599175,0.003,"[0.8,1.2]"
left_hip_roll,0.4793867845955629,"[0.059580137572231566,0.010388304328403139,-0.011597746622571015]","[[0.0002604943680509979,3.2606512451115924e-07,2.351772724771368e-05],[3.2606512451115924e-07,0.00027877833209404414,5.96988799649201e-06],[2.351772724771368e-05,5.96988799649201e-06,0.0003580241230390559]]",0.05321105895957649,0.003,"[0.8,1.2]"
left_hip_pitch,0.5993241243826795,"[-0.051656484807437585,-0.0017189377854475857,-0.09139215608072909]","[[0.0013996708580227889,-3.752157673389327e-05,-0.0005252354021864334],[-3.752157673389327e-05,0.0014155822765689868,-6.638520409086244e-05],[-0.0005252354021864334,-6.638520409086244e-05,0.0007683822571898105]]",0.06257450837123647,0.003,"[0.8,1.2]"
left_knee_pitch,0.6123304565879957,"[0.039708267584740976,-0.0007221520383150076,-0.0700737211387009]","[[0.0012368218549283492,6.568612471489017e-05,0.00037701773719384666],[6.568612471489017e-05,0.0010740329260672604,-0.00011591153990375897],[0.00037701773719384666,-0.00011591153990375897,0.0007863374873101748]]",0.06336945229707569,0.003,"[0.8,1.2]"
left_ankle_pitch,0.4346741919504113,"[0.04590239773598142,0.0053138819986097985,-0.015068997759136296]","[[0.000491409655930972,4.867827582782356e-05,0.0001254864085280614],[4.867827582782356e-05,0.0005055398692115478,-1.952567193707393e-05],[0.0001254864085280614,-1.952567193707393e-05,0.0005857845677090688]]",0.057807478935643204,0.003,"[0.8,1.2]"
left_ankle_roll,0.29298065203332774,"[-0.015929887579990462,-7.502205218168356e-08,-0.022237546734798306]","[[0.00018492286717279642,2.453468769697235e-08,-4.057991886543569e-05],[2.453468769697235e-08,0.0007942059949564281,2.016833771742243e-11],[-4.057991886543569e-05,2.016833771742243e-11,0.0008753337200331291]]",0.10402979346432409,0.003,"[0.8,1.2]"
beak_input_rotor,0.01713015122738488,"[-0.000722912037014467,0.030037179254881457,-0.0012521203775123224]","[[1.563473665426203e-06,7.115889094387201e-08,-1.1318918128567296e-07],[7.115889094387201e-08,2.7057723164570106e-06,1.232508145250244e-07],[-1.1318918128567296e-07,1.232508145250244e-07,1.4327800005069288e-06]]",0.1,0.001,"[0.9,1.1]"
beak_coupler_link,0.005177307249452544,"[0.015499999888487326,0.034964001297447034,-0.012500000368660724]","[[4.4914186848174804e-07,2.078818782116107e-17,4.868994715990821e-07],[2.078818782116107e-17,1.0949643091432268e-06,6.8789105709157e-17],[4.868994715990821e-07,6.8789105709157e-17,6.60236429191163e-07]]",0.10000000000000002,0.001,"[0.9,1.1]"
