name,parent,pivot_world_at_zero_m,axis_parent,range_rad,q_neutral_rad,action_scale_rad,kp_nm_rad,kd_nm_s_rad,torque_peak_limit_nm,continuous_design_limit_nm,speed_limit_rad_s,armature_kg_m2,frictionloss_nm,damping_nm_s_rad,actuator,limits_status
neck_yaw,torso,"[0.043,0.0,0.342]","[0.0,0.0,1.0]","[-0.5,0.5]",0.0,0.5,12.0,0.7,2.0,1.04,38.746309394274114,0.0009734999999999999,0.03,0.01,ak40_10_v3,"candidate conservative operational limits, not certified mechanical stops"
neck_pitch,neck_yaw,"[0.043,0.0,0.408]","[0.0,1.0,0.0]","[-0.6,2.6]",0.0,2.6,100.0,3.5,12.0,6.4,4.1887902047863905,0.02357424,0.4,0.01,ak45_36_v3,"candidate conservative operational limits, not certified mechanical stops"
neck_mid_pitch,neck_pitch,"[-0.03,0.0,0.512]","[0.0,1.0,0.0]","[-1.4,1.4]",0.0,1.4,20.0,0.7,4.0,2.0,12.56637061435917,0.0015733,0.05,0.01,ak45_10_v3,"candidate conservative operational limits, not certified mechanical stops"
head_pitch,neck_mid_pitch,"[0.042,0.0,0.605]","[0.0,1.0,0.0]","[-1.6,1.6]",0.0,1.6,20.0,0.7,4.0,2.0,12.56637061435917,0.0015733,0.05,0.01,ak45_10_v3,"candidate conservative operational limits, not certified mechanical stops"
head_roll,head_pitch,"[0.081,0.0,0.5855]","[1.0,0.0,0.0]","[-0.6,0.6]",0.0,0.6,2.0,0.1,0.18,0.14,3.0,2e-05,0.006,0.01,xc330_m288_t,"candidate conservative operational limits, not certified mechanical stops"
beak_hinge,head_roll,"[0.16,0.0,0.576]","[0.0,1.0,0.0]","[0.0,0.55]",0.0,0.55,12.0,0.6,4.7,3.5,1.0,0.0003,0.05,0.01,xm540_3_to_1_unselected_gears,"candidate conservative operational limits, not certified mechanical stops"
right_hip_yaw,torso,"[0.0,-0.059,0.292]","[0.0,0.0,1.0]","[-0.6,0.6]",0.0,0.6,12.0,0.7,2.0,1.04,38.746309394274114,0.0009734999999999999,0.03,0.01,ak40_10_v3,"candidate conservative operational limits, not certified mechanical stops"
right_hip_roll,right_hip_yaw,"[-0.051,-0.078,0.24]","[1.0,0.0,0.0]","[-0.5,0.5]",0.0,0.5,100.0,3.5,12.0,6.4,4.1887902047863905,0.02357424,0.4,0.01,ak45_36_v3,"candidate conservative operational limits, not certified mechanical stops"
right_hip_pitch,right_hip_roll,"[0.007,-0.089,0.227]","[0.0,-1.0,0.0]","[-1.1,1.1]",0.0,1.1,100.0,3.5,12.0,6.4,4.1887902047863905,0.02357424,0.4,0.01,ak45_36_v3,"candidate conservative operational limits, not certified mechanical stops"
right_knee_pitch,right_hip_pitch,"[-0.058,-0.089,0.132]","[0.0,-1.0,0.0]","[-0.2,1.8]",0.0,1.8,100.0,3.5,12.0,6.4,4.1887902047863905,0.02357424,0.4,0.01,ak45_36_v3,"candidate conservative operational limits, not certified mechanical stops"
right_ankle_pitch,right_knee_pitch,"[-0.007,-0.089,0.062]","[0.0,-1.0,0.0]","[-1.1,1.1]",0.0,1.1,100.0,3.5,12.0,6.4,4.1887902047863905,0.02357424,0.4,0.01,ak45_36_v3,"candidate conservative operational limits, not certified mechanical stops"
right_ankle_roll,right_ankle_pitch,"[0.053,-0.089,0.036]","[1.0,0.0,0.0]","[-0.5,0.5]",0.0,0.5,20.0,0.7,4.0,2.0,12.56637061435917,0.0015733,0.05,0.01,ak45_10_v3,"candidate conservative operational limits, not certified mechanical stops"
left_hip_yaw,torso,"[0.0,0.059,0.292]","[0.0,0.0,1.0]","[-0.6,0.6]",0.0,0.6,12.0,0.7,2.0,1.04,38.746309394274114,0.0009734999999999999,0.03,0.01,ak40_10_v3,"candidate conservative operational limits, not certified mechanical stops"
left_hip_roll,left_hip_yaw,"[-0.051,0.078,0.24]","[1.0,0.0,0.0]","[-0.5,0.5]",0.0,0.5,100.0,3.5,12.0,6.4,4.1887902047863905,0.02357424,0.4,0.01,ak45_36_v3,"candidate conservative operational limits, not certified mechanical stops"
left_hip_pitch,left_hip_roll,"[0.007,0.089,0.227]","[0.0,1.0,0.0]","[-1.1,1.1]",0.0,1.1,100.0,3.5,12.0,6.4,4.1887902047863905,0.02357424,0.4,0.01,ak45_36_v3,"candidate conservative operational limits, not certified mechanical stops"
left_knee_pitch,left_hip_pitch,"[-0.058,0.089,0.132]","[0.0,1.0,0.0]","[-1.8,0.2]",0.0,1.8,100.0,3.5,12.0,6.4,4.1887902047863905,0.02357424,0.4,0.01,ak45_36_v3,"candidate conservative operational limits, not certified mechanical stops"
left_ankle_pitch,left_knee_pitch,"[-0.007,0.089,0.062]","[0.0,1.0,0.0]","[-1.1,1.1]",0.0,1.1,100.0,3.5,12.0,6.4,4.1887902047863905,0.02357424,0.4,0.01,ak45_36_v3,"candidate conservative operational limits, not certified mechanical stops"
left_ankle_roll,left_ankle_pitch,"[0.053,0.089,0.036]","[1.0,0.0,0.0]","[-0.5,0.5]",0.0,0.5,20.0,0.7,4.0,2.0,12.56637061435917,0.0015733,0.05,0.01,ak45_10_v3,"candidate conservative operational limits, not certified mechanical stops"
