body,name,mass_kg,shape,position_world_m,basis,uncertainty_fraction
pelvis,pelvis_frame,12,box,"[0, 0, 1.5800000000000003]",estimated component/frame allocation; not solid material volume,0.3
pelvis,battery_32s_60ah,58,box,"[-0.045, 0, 1.6250000000000002]",estimated component/frame allocation; not solid material volume,0.3
pelvis,unmodelled_mounts_reserve,8,box,"[0, 0, 1.6]",estimated component/frame allocation; not solid material volume,0.3
pelvis,saffron_front_pelvis,2.4201045857493932,surface_skin,"[0.36282962582697065, -2.141011413795587e-06, 1.574866526359169]",independent thin surface approximation; no strength or fabrication proof,0.3
pelvis,rear_saffron_pelvis_band,2.4161938434436165,surface_skin,"[-0.20373250261862166, -5.665914207943904e-07, 1.62505289510808]",independent thin surface approximation; no strength or fabrication proof,0.3
pelvis,rear_ivory_sacral_guard,1.7525886467181262,surface_skin,"[-0.25037230084010376, -9.249457639730891e-08, 1.5109837267849184]",independent thin surface approximation; no strength or fabrication proof,0.3
waist_yaw_link,waist_yaw_gearbox,7,cylinder,"[0, 0, 1.74]",complete-module cylinder proxy; all drive mass lumped to child; internal allocation unresolved,0.2
waist_yaw_link,waist_yaw_motor,3,cylinder,"[0, 0, 1.74]",complete-module cylinder proxy; all drive mass lumped to child; internal allocation unresolved,0.2
waist_yaw_link,waist_yaw_output_bearing,1.5,cylinder,"[0, 0, 1.74]",complete-module cylinder proxy; all drive mass lumped to child; internal allocation unresolved,0.2
waist_yaw_link,waist_yaw_housing_mount,1.2,cylinder,"[0, 0, 1.74]",complete-module cylinder proxy; all drive mass lumped to child; internal allocation unresolved,0.2
waist_yaw_link,waist_yaw_driver_encoder,0.6,cylinder,"[0, 0, 1.74]",complete-module cylinder proxy; all drive mass lumped to child; internal allocation unresolved,0.2
waist_yaw_link,waist_yaw_brake,0.9,cylinder,"[0, 0, 1.74]",complete-module cylinder proxy; all drive mass lumped to child; internal allocation unresolved,0.2
waist_pitch_link,waist_pitch_gearbox,20.9,cylinder,"[0, 0, 1.74]",complete-module cylinder proxy; all drive mass lumped to child; internal allocation unresolved,0.2
waist_pitch_link,waist_pitch_motor,6,cylinder,"[0, 0, 1.74]",complete-module cylinder proxy; all drive mass lumped to child; internal allocation unresolved,0.2
waist_pitch_link,waist_pitch_output_bearing,2,cylinder,"[0, 0, 1.74]",complete-module cylinder proxy; all drive mass lumped to child; internal allocation unresolved,0.2
waist_pitch_link,waist_pitch_housing_mount,2,cylinder,"[0, 0, 1.74]",complete-module cylinder proxy; all drive mass lumped to child; internal allocation unresolved,0.2
waist_pitch_link,waist_pitch_driver_encoder,1,cylinder,"[0, 0, 1.74]",complete-module cylinder proxy; all drive mass lumped to child; internal allocation unresolved,0.2
waist_pitch_link,waist_pitch_brake,2,cylinder,"[0, 0, 1.74]",complete-module cylinder proxy; all drive mass lumped to child; internal allocation unresolved,0.2
torso,torso_frame,18,box,"[-0.05, 0, 2.2299999999999995]",estimated component/frame allocation; not solid material volume,0.3
torso,power_protection_distribution,6,box,"[-0.12, -0.25, 2.05]",estimated component/frame allocation; not solid material volume,0.3
torso,logic_compute_sensors,5,box,"[0.045, 0, 2.49]",estimated component/frame allocation; not solid material volume,0.3
torso,cooling_system_reserve,10,box,"[0.23, 0, 2.21]",estimated component/frame allocation; not solid material volume,0.3
torso,cables_connectors_reserve,8,box,"[0, 0, 2.11]",estimated component/frame allocation; not solid material volume,0.3
torso,waist_roll_gearbox,20.9,cylinder,"[0, 0, 1.74]",complete-module cylinder proxy; all drive mass lumped to child; internal allocation unresolved,0.2
torso,waist_roll_motor,6,cylinder,"[0, 0, 1.74]",complete-module cylinder proxy; all drive mass lumped to child; internal allocation unresolved,0.2
torso,waist_roll_output_bearing,2,cylinder,"[0, 0, 1.74]",complete-module cylinder proxy; all drive mass lumped to child; internal allocation unresolved,0.2
torso,waist_roll_housing_mount,2,cylinder,"[0, 0, 1.74]",complete-module cylinder proxy; all drive mass lumped to child; internal allocation unresolved,0.2
torso,waist_roll_driver_encoder,1,cylinder,"[0, 0, 1.74]",complete-module cylinder proxy; all drive mass lumped to child; internal allocation unresolved,0.2
torso,waist_roll_brake,2,cylinder,"[0, 0, 1.74]",complete-module cylinder proxy; all drive mass lumped to child; internal allocation unresolved,0.2
torso,ivory_chest_wedge,11.137785445798725,surface_skin,"[0.2681263268558513, 6.399604115734155e-05, 2.3485256276079274]",independent thin surface approximation; no strength or fabrication proof,0.3
torso,ivory_back_carapace,14.087539386195658,surface_skin,"[-0.2948028012560151, 9.36693836855688e-06, 2.2868747416276256]",independent thin surface approximation; no strength or fabrication proof,0.3
torso,left_blue_torso_side,5.871536899186067,surface_skin,"[0.17355860811655868, 0.33568618392450517, 2.2431758487724176]",independent thin surface approximation; no strength or fabrication proof,0.3
torso,left_blue_rear_side_transition,3.7641300540003972,surface_skin,"[-0.20800407064362542, 0.3674113211238, 2.21780074329192]",independent thin surface approximation; no strength or fabrication proof,0.3
torso,left_upper_blue_shoulder_bridge,3.003471630515508,surface_skin,"[-0.08060088736580392, 0.5422533258875003, 2.4814108920491167]",independent thin surface approximation; no strength or fabrication proof,0.3
torso,left_radiator_gold_frame,1.0527570000000004,surface_skin,"[0.486, 0.3349999999999999, 2.2349999999999994]",independent thin surface approximation; no strength or fabrication proof,0.3
torso,right_blue_torso_side,5.871566982652204,surface_skin,"[0.17354965627390773, -0.3356811799990484, 2.2431737404953975]",independent thin surface approximation; no strength or fabrication proof,0.3
torso,right_blue_rear_side_transition,3.764135012402313,surface_skin,"[-0.2080116579901635, -0.36741018021613614, 2.21779778756338]",independent thin surface approximation; no strength or fabrication proof,0.3
torso,right_upper_blue_shoulder_bridge,3.003471630321483,surface_skin,"[-0.08060088735955782, -0.5422533258641475, 2.4814108920630917]",independent thin surface approximation; no strength or fabrication proof,0.3
torso,right_radiator_gold_frame,1.0527570000000004,surface_skin,"[0.486, -0.3349999999999999, 2.2349999999999994]",independent thin surface approximation; no strength or fabrication proof,0.3
torso,central_amber_light_rim,0.37827,surface_skin,"[0.5049999999999999, 0.0, 2.17]",independent thin surface approximation; no strength or fabrication proof,0.3
torso,blue_back_service_panel,2.1210979426370025,surface_skin,"[-0.4695500488212338, 1.0237460373683691e-08, 2.3487940557233795]",independent thin surface approximation; no strength or fabrication proof,0.3
left_shoulder_pitch_link,left_shoulder_pitch_gearbox,7,cylinder,"[-0.05, 0.62, 2.29]",complete-module cylinder proxy; all drive mass lumped to child; internal allocation unresolved,0.2
left_shoulder_pitch_link,left_shoulder_pitch_motor,3,cylinder,"[-0.05, 0.62, 2.29]",complete-module cylinder proxy; all drive mass lumped to child; internal allocation unresolved,0.2
left_shoulder_pitch_link,left_shoulder_pitch_output_bearing,1.5,cylinder,"[-0.05, 0.62, 2.29]",complete-module cylinder proxy; all drive mass lumped to child; internal allocation unresolved,0.2
left_shoulder_pitch_link,left_shoulder_pitch_housing_mount,1.2,cylinder,"[-0.05, 0.62, 2.29]",complete-module cylinder proxy; all drive mass lumped to child; internal allocation unresolved,0.2
left_shoulder_pitch_link,left_shoulder_pitch_driver_encoder,0.6,cylinder,"[-0.05, 0.62, 2.29]",complete-module cylinder proxy; all drive mass lumped to child; internal allocation unresolved,0.2
left_shoulder_pitch_link,left_shoulder_pitch_brake,0.9,cylinder,"[-0.05, 0.62, 2.29]",complete-module cylinder proxy; all drive mass lumped to child; internal allocation unresolved,0.2
left_shoulder_roll_link,left_shoulder_roll_gearbox,7,cylinder,"[-0.05, 0.62, 2.29]",complete-module cylinder proxy; all drive mass lumped to child; internal allocation unresolved,0.2
left_shoulder_roll_link,left_shoulder_roll_motor,3,cylinder,"[-0.05, 0.62, 2.29]",complete-module cylinder proxy; all drive mass lumped to child; internal allocation unresolved,0.2
left_shoulder_roll_link,left_shoulder_roll_output_bearing,1.5,cylinder,"[-0.05, 0.62, 2.29]",complete-module cylinder proxy; all drive mass lumped to child; internal allocation unresolved,0.2
left_shoulder_roll_link,left_shoulder_roll_housing_mount,1.2,cylinder,"[-0.05, 0.62, 2.29]",complete-module cylinder proxy; all drive mass lumped to child; internal allocation unresolved,0.2
left_shoulder_roll_link,left_shoulder_roll_driver_encoder,0.6,cylinder,"[-0.05, 0.62, 2.29]",complete-module cylinder proxy; all drive mass lumped to child; internal allocation unresolved,0.2
left_shoulder_roll_link,left_shoulder_roll_brake,0.9,cylinder,"[-0.05, 0.62, 2.29]",complete-module cylinder proxy; all drive mass lumped to child; internal allocation unresolved,0.2
left_upper_arm,left_upper_arm_frame,3,box,"[-0.030000000000000002, 0.745, 1.99]",estimated component/frame allocation; not solid material volume,0.3
left_upper_arm,left_shoulder_yaw_gearbox,3.2,cylinder,"[-0.05, 0.62, 2.29]",complete-module cylinder proxy; all drive mass lumped to child; internal allocation unresolved,0.2
left_upper_arm,left_shoulder_yaw_motor,1.3,cylinder,"[-0.05, 0.62, 2.29]",complete-module cylinder proxy; all drive mass lumped to child; internal allocation unresolved,0.2
left_upper_arm,left_shoulder_yaw_output_bearing,0.5,cylinder,"[-0.05, 0.62, 2.29]",complete-module cylinder proxy; all drive mass lumped to child; internal allocation unresolved,0.2
left_upper_arm,left_shoulder_yaw_housing_mount,0.5,cylinder,"[-0.05, 0.62, 2.29]",complete-module cylinder proxy; all drive mass lumped to child; internal allocation unresolved,0.2
left_upper_arm,left_shoulder_yaw_driver_encoder,0.3,cylinder,"[-0.05, 0.62, 2.29]",complete-module cylinder proxy; all drive mass lumped to child; internal allocation unresolved,0.2
left_upper_arm,left_shoulder_yaw_brake,0.3,cylinder,"[-0.05, 0.62, 2.29]",complete-module cylinder proxy; all drive mass lumped to child; internal allocation unresolved,0.2
left_upper_arm,left_ivory_upper_arm,3.6180014503779834,surface_skin,"[-0.015440160367460291, 0.6891196788925773, 2.074001004631103]",independent thin surface approximation; no strength or fabrication proof,0.3
left_upper_arm,left_blue_outer_deltoid,3.0393639375300916,surface_skin,"[-0.07950097954138986, 0.7272334754639745, 2.2816842303526035]",independent thin surface approximation; no strength or fabrication proof,0.3
left_forearm,left_forearm_frame,3,box,"[0.04, 0.8400000000000001, 1.48]",estimated component/frame allocation; not solid material volume,0.3
left_forearm,left_elbow_pitch_gearbox,7,cylinder,"[0.03, 0.78, 1.79]",complete-module cylinder proxy; all drive mass lumped to child; internal allocation unresolved,0.2
left_forearm,left_elbow_pitch_motor,3,cylinder,"[0.03, 0.78, 1.79]",complete-module cylinder proxy; all drive mass lumped to child; internal allocation unresolved,0.2
left_forearm,left_elbow_pitch_output_bearing,1.5,cylinder,"[0.03, 0.78, 1.79]",complete-module cylinder proxy; all drive mass lumped to child; internal allocation unresolved,0.2
left_forearm,left_elbow_pitch_housing_mount,1.2,cylinder,"[0.03, 0.78, 1.79]",complete-module cylinder proxy; all drive mass lumped to child; internal allocation unresolved,0.2
left_forearm,left_elbow_pitch_driver_encoder,0.6,cylinder,"[0.03, 0.78, 1.79]",complete-module cylinder proxy; all drive mass lumped to child; internal allocation unresolved,0.2
left_forearm,left_elbow_pitch_brake,0.9,cylinder,"[0.03, 0.78, 1.79]",complete-module cylinder proxy; all drive mass lumped to child; internal allocation unresolved,0.2
left_forearm,left_blue_forearm,5.048619975562734,surface_skin,"[0.037202632921093784, 0.7848017552604988, 1.501894691335668]",independent thin surface approximation; no strength or fabrication proof,0.3
left_wrist_yaw_link,left_wrist_yaw_gearbox,3.2,cylinder,"[0.045, 0.79, 1.19]",complete-module cylinder proxy; all drive mass lumped to child; internal allocation unresolved,0.2
left_wrist_yaw_link,left_wrist_yaw_motor,1.3,cylinder,"[0.045, 0.79, 1.19]",complete-module cylinder proxy; all drive mass lumped to child; internal allocation unresolved,0.2
left_wrist_yaw_link,left_wrist_yaw_output_bearing,0.5,cylinder,"[0.045, 0.79, 1.19]",complete-module cylinder proxy; all drive mass lumped to child; internal allocation unresolved,0.2
left_wrist_yaw_link,left_wrist_yaw_housing_mount,0.5,cylinder,"[0.045, 0.79, 1.19]",complete-module cylinder proxy; all drive mass lumped to child; internal allocation unresolved,0.2
left_wrist_yaw_link,left_wrist_yaw_driver_encoder,0.3,cylinder,"[0.045, 0.79, 1.19]",complete-module cylinder proxy; all drive mass lumped to child; internal allocation unresolved,0.2
left_wrist_yaw_link,left_wrist_yaw_brake,0.3,cylinder,"[0.045, 0.79, 1.19]",complete-module cylinder proxy; all drive mass lumped to child; internal allocation unresolved,0.2
left_wrist_pitch_link,left_wrist_pitch_gearbox,3.2,cylinder,"[0.045, 0.79, 1.19]",complete-module cylinder proxy; all drive mass lumped to child; internal allocation unresolved,0.2
left_wrist_pitch_link,left_wrist_pitch_motor,1.3,cylinder,"[0.045, 0.79, 1.19]",complete-module cylinder proxy; all drive mass lumped to child; internal allocation unresolved,0.2
left_wrist_pitch_link,left_wrist_pitch_output_bearing,0.5,cylinder,"[0.045, 0.79, 1.19]",complete-module cylinder proxy; all drive mass lumped to child; internal allocation unresolved,0.2
left_wrist_pitch_link,left_wrist_pitch_housing_mount,0.5,cylinder,"[0.045, 0.79, 1.19]",complete-module cylinder proxy; all drive mass lumped to child; internal allocation unresolved,0.2
left_wrist_pitch_link,left_wrist_pitch_driver_encoder,0.3,cylinder,"[0.045, 0.79, 1.19]",complete-module cylinder proxy; all drive mass lumped to child; internal allocation unresolved,0.2
left_wrist_pitch_link,left_wrist_pitch_brake,0.3,cylinder,"[0.045, 0.79, 1.19]",complete-module cylinder proxy; all drive mass lumped to child; internal allocation unresolved,0.2
left_palm,left_palm_frame,1.5,box,"[0.08, 0.79, 1.08]",estimated component/frame allocation; not solid material volume,0.3
left_palm,left_wrist_roll_gearbox,3.2,cylinder,"[0.045, 0.79, 1.19]",complete-module cylinder proxy; all drive mass lumped to child; internal allocation unresolved,0.2
left_palm,left_wrist_roll_motor,1.3,cylinder,"[0.045, 0.79, 1.19]",complete-module cylinder proxy; all drive mass lumped to child; internal allocation unresolved,0.2
left_palm,left_wrist_roll_output_bearing,0.5,cylinder,"[0.045, 0.79, 1.19]",complete-module cylinder proxy; all drive mass lumped to child; internal allocation unresolved,0.2
left_palm,left_wrist_roll_housing_mount,0.5,cylinder,"[0.045, 0.79, 1.19]",complete-module cylinder proxy; all drive mass lumped to child; internal allocation unresolved,0.2
left_palm,left_wrist_roll_driver_encoder,0.3,cylinder,"[0.045, 0.79, 1.19]",complete-module cylinder proxy; all drive mass lumped to child; internal allocation unresolved,0.2
left_palm,left_wrist_roll_brake,0.3,cylinder,"[0.045, 0.79, 1.19]",complete-module cylinder proxy; all drive mass lumped to child; internal allocation unresolved,0.2
left_palm,left_ivory_palm,1.7604513755900904,surface_skin,"[0.08000021856344579, 0.8132168516794689, 1.0673038845001037]",independent thin surface approximation; no strength or fabrication proof,0.3
left_hip_yaw_link,left_hip_yaw_gearbox,7,cylinder,"[-0.1, 0.38, 1.63]",complete-module cylinder proxy; all drive mass lumped to child; internal allocation unresolved,0.2
left_hip_yaw_link,left_hip_yaw_motor,3,cylinder,"[-0.1, 0.38, 1.63]",complete-module cylinder proxy; all drive mass lumped to child; internal allocation unresolved,0.2
left_hip_yaw_link,left_hip_yaw_output_bearing,1.5,cylinder,"[-0.1, 0.38, 1.63]",complete-module cylinder proxy; all drive mass lumped to child; internal allocation unresolved,0.2
left_hip_yaw_link,left_hip_yaw_housing_mount,1.2,cylinder,"[-0.1, 0.38, 1.63]",complete-module cylinder proxy; all drive mass lumped to child; internal allocation unresolved,0.2
left_hip_yaw_link,left_hip_yaw_driver_encoder,0.6,cylinder,"[-0.1, 0.38, 1.63]",complete-module cylinder proxy; all drive mass lumped to child; internal allocation unresolved,0.2
left_hip_yaw_link,left_hip_yaw_brake,0.9,cylinder,"[-0.1, 0.38, 1.63]",complete-module cylinder proxy; all drive mass lumped to child; internal allocation unresolved,0.2
left_hip_roll_link,left_hip_roll_gearbox,20.9,cylinder,"[-0.1, 0.38, 1.63]",complete-module cylinder proxy; all drive mass lumped to child; internal allocation unresolved,0.2
left_hip_roll_link,left_hip_roll_motor,6,cylinder,"[-0.1, 0.38, 1.63]",complete-module cylinder proxy; all drive mass lumped to child; internal allocation unresolved,0.2
left_hip_roll_link,left_hip_roll_output_bearing,2,cylinder,"[-0.1, 0.38, 1.63]",complete-module cylinder proxy; all drive mass lumped to child; internal allocation unresolved,0.2
left_hip_roll_link,left_hip_roll_housing_mount,2,cylinder,"[-0.1, 0.38, 1.63]",complete-module cylinder proxy; all drive mass lumped to child; internal allocation unresolved,0.2
left_hip_roll_link,left_hip_roll_driver_encoder,1,cylinder,"[-0.1, 0.38, 1.63]",complete-module cylinder proxy; all drive mass lumped to child; internal allocation unresolved,0.2
left_hip_roll_link,left_hip_roll_brake,2,cylinder,"[-0.1, 0.38, 1.63]",complete-module cylinder proxy; all drive mass lumped to child; internal allocation unresolved,0.2
left_thigh,left_thigh_frame,6,box,"[-0.010000000000000009, 0.39, 1.3699999999999999]",estimated component/frame allocation; not solid material volume,0.3
left_thigh,left_hip_pitch_gearbox,20.9,cylinder,"[-0.1, 0.38, 1.63]",complete-module cylinder proxy; all drive mass lumped to child; internal allocation unresolved,0.2
left_thigh,left_hip_pitch_motor,6,cylinder,"[-0.1, 0.38, 1.63]",complete-module cylinder proxy; all drive mass lumped to child; internal allocation unresolved,0.2
left_thigh,left_hip_pitch_output_bearing,2,cylinder,"[-0.1, 0.38, 1.63]",complete-module cylinder proxy; all drive mass lumped to child; internal allocation unresolved,0.2
left_thigh,left_hip_pitch_housing_mount,2,cylinder,"[-0.1, 0.38, 1.63]",complete-module cylinder proxy; all drive mass lumped to child; internal allocation unresolved,0.2
left_thigh,left_hip_pitch_driver_encoder,1,cylinder,"[-0.1, 0.38, 1.63]",complete-module cylinder proxy; all drive mass lumped to child; internal allocation unresolved,0.2
left_thigh,left_hip_pitch_brake,2,cylinder,"[-0.1, 0.38, 1.63]",complete-module cylinder proxy; all drive mass lumped to child; internal allocation unresolved,0.2
left_thigh,left_ivory_hip_transition_cuff,0.7196612196546807,surface_skin,"[0.0214652131082375, 0.35487034654366467, 1.665162281910888]",independent thin surface approximation; no strength or fabrication proof,0.3
left_thigh,left_blue_thigh,6.62319513823053,surface_skin,"[0.11139284171478372, 0.40443638176030977, 1.3208536002779159]",independent thin surface approximation; no strength or fabrication proof,0.3
left_thigh,left_orange_knee_guard,2.1297854570600716,surface_skin,"[0.39044056740628447, 0.41443879918991394, 1.1545470249532135]",independent thin surface approximation; no strength or fabrication proof,0.3
left_middle_shank,left_middle_shank_frame,5,box,"[0.09, 0.43, 0.75]",estimated component/frame allocation; not solid material volume,0.3
left_middle_shank,left_knee_pitch_gearbox,20.9,cylinder,"[0.24, 0.43, 0.965]",complete-module cylinder proxy; all drive mass lumped to child; internal allocation unresolved,0.2
left_middle_shank,left_knee_pitch_motor,6,cylinder,"[0.24, 0.43, 0.965]",complete-module cylinder proxy; all drive mass lumped to child; internal allocation unresolved,0.2
left_middle_shank,left_knee_pitch_output_bearing,2,cylinder,"[0.24, 0.43, 0.965]",complete-module cylinder proxy; all drive mass lumped to child; internal allocation unresolved,0.2
left_middle_shank,left_knee_pitch_housing_mount,2,cylinder,"[0.24, 0.43, 0.965]",complete-module cylinder proxy; all drive mass lumped to child; internal allocation unresolved,0.2
left_middle_shank,left_knee_pitch_driver_encoder,1,cylinder,"[0.24, 0.43, 0.965]",complete-module cylinder proxy; all drive mass lumped to child; internal allocation unresolved,0.2
left_middle_shank,left_knee_pitch_brake,2,cylinder,"[0.24, 0.43, 0.965]",complete-module cylinder proxy; all drive mass lumped to child; internal allocation unresolved,0.2
left_middle_shank,left_blue_middle_shank,4.110436797339624,surface_skin,"[0.12179922209061646, 0.4584283005422043, 0.7692684366755986]",independent thin surface approximation; no strength or fabrication proof,0.3
left_distal_shank,left_distal_shank_frame,3,box,"[-0.015, 0.49, 0.42000000000000004]",estimated component/frame allocation; not solid material volume,0.3
left_distal_shank,left_fold_pitch_gearbox,7,cylinder,"[-0.105, 0.49, 0.535]",complete-module cylinder proxy; all drive mass lumped to child; internal allocation unresolved,0.2
left_distal_shank,left_fold_pitch_motor,3,cylinder,"[-0.105, 0.49, 0.535]",complete-module cylinder proxy; all drive mass lumped to child; internal allocation unresolved,0.2
left_distal_shank,left_fold_pitch_output_bearing,1.5,cylinder,"[-0.105, 0.49, 0.535]",complete-module cylinder proxy; all drive mass lumped to child; internal allocation unresolved,0.2
left_distal_shank,left_fold_pitch_housing_mount,1.2,cylinder,"[-0.105, 0.49, 0.535]",complete-module cylinder proxy; all drive mass lumped to child; internal allocation unresolved,0.2
left_distal_shank,left_fold_pitch_driver_encoder,0.6,cylinder,"[-0.105, 0.49, 0.535]",complete-module cylinder proxy; all drive mass lumped to child; internal allocation unresolved,0.2
left_distal_shank,left_fold_pitch_brake,0.9,cylinder,"[-0.105, 0.49, 0.535]",complete-module cylinder proxy; all drive mass lumped to child; internal allocation unresolved,0.2
left_distal_shank,left_blue_distal_front_guard,0.7994186481040706,surface_skin,"[0.04947409535772238, 0.5086341681904873, 0.3959629155295751]",independent thin surface approximation; no strength or fabrication proof,0.3
left_ankle_pitch_link,left_ankle_pitch_gearbox,7,cylinder,"[-0.07, 0.53, 0.27]",complete-module cylinder proxy; all drive mass lumped to child; internal allocation unresolved,0.2
left_ankle_pitch_link,left_ankle_pitch_motor,3,cylinder,"[-0.07, 0.53, 0.27]",complete-module cylinder proxy; all drive mass lumped to child; internal allocation unresolved,0.2
left_ankle_pitch_link,left_ankle_pitch_output_bearing,1.5,cylinder,"[-0.07, 0.53, 0.27]",complete-module cylinder proxy; all drive mass lumped to child; internal allocation unresolved,0.2
left_ankle_pitch_link,left_ankle_pitch_housing_mount,1.2,cylinder,"[-0.07, 0.53, 0.27]",complete-module cylinder proxy; all drive mass lumped to child; internal allocation unresolved,0.2
left_ankle_pitch_link,left_ankle_pitch_driver_encoder,0.6,cylinder,"[-0.07, 0.53, 0.27]",complete-module cylinder proxy; all drive mass lumped to child; internal allocation unresolved,0.2
left_ankle_pitch_link,left_ankle_pitch_brake,0.9,cylinder,"[-0.07, 0.53, 0.27]",complete-module cylinder proxy; all drive mass lumped to child; internal allocation unresolved,0.2
left_foot,left_foot_frame,6,box,"[0.14, 0.575, 0.09]",estimated component/frame allocation; not solid material volume,0.3
left_foot,left_ankle_roll_gearbox,7,cylinder,"[-0.07, 0.53, 0.27]",complete-module cylinder proxy; all drive mass lumped to child; internal allocation unresolved,0.2
left_foot,left_ankle_roll_motor,3,cylinder,"[-0.07, 0.53, 0.27]",complete-module cylinder proxy; all drive mass lumped to child; internal allocation unresolved,0.2
left_foot,left_ankle_roll_output_bearing,1.5,cylinder,"[-0.07, 0.53, 0.27]",complete-module cylinder proxy; all drive mass lumped to child; internal allocation unresolved,0.2
left_foot,left_ankle_roll_housing_mount,1.2,cylinder,"[-0.07, 0.53, 0.27]",complete-module cylinder proxy; all drive mass lumped to child; internal allocation unresolved,0.2
left_foot,left_ankle_roll_driver_encoder,0.6,cylinder,"[-0.07, 0.53, 0.27]",complete-module cylinder proxy; all drive mass lumped to child; internal allocation unresolved,0.2
left_foot,left_ankle_roll_brake,0.9,cylinder,"[-0.07, 0.53, 0.27]",complete-module cylinder proxy; all drive mass lumped to child; internal allocation unresolved,0.2
left_foot,left_dark_sole,9.03306509142322,surface_skin,"[0.13999999999999999, 0.5749999999999997, 0.02513996975518512]",independent thin surface approximation; no strength or fabrication proof,0.3
left_foot,left_ivory_foot_upper,8.265479103423868,surface_skin,"[0.1529502001081664, 0.5749986493310275, 0.09501541943449589]",independent thin surface approximation; no strength or fabrication proof,0.3
left_foot,left_dark_rear_heel,2.9965585525765412,surface_skin,"[-0.16766370626965, 0.5749998011493719, 0.09937721606417711]",independent thin surface approximation; no strength or fabrication proof,0.3
left_foot,left_ivory_ankle_inst_ep,1.690549211867931,surface_skin,"[0.01872715577968306, 0.5750007430326022, 0.1804099242419511]",independent thin surface approximation; no strength or fabrication proof,0.3
left_finger_1_proximal_link,left_finger_1_proximal_custom_motor_gear_bracket_driver,0.8,cylinder,"[0.11, 0.688, 0.97]",complete-module cylinder proxy; all drive mass lumped to child; internal allocation unresolved,0.2
left_finger_1_proximal_link,left_finger_1_proximal,0.20427741900952953,surface_skin,"[0.11000000000000003, 0.688, 0.9253778610741147]",independent thin surface approximation; no strength or fabrication proof,0.3
left_finger_1_proximal_link,left_finger_1_ivory_pad,0.09457559999999998,surface_skin,"[0.14599999999999996, 0.688, 0.927]",independent thin surface approximation; no strength or fabrication proof,0.3
left_finger_1_distal_link,left_finger_1_distal_custom_motor_gear_bracket_driver,0.8,cylinder,"[0.11, 0.688, 0.875]",complete-module cylinder proxy; all drive mass lumped to child; internal allocation unresolved,0.2
left_finger_1_distal_link,left_finger_1_distal,0.1651893158868649,surface_skin,"[0.13797855719787536, 0.6744770314690753, 0.8474877524301586]",independent thin surface approximation; no strength or fabrication proof,0.3
left_finger_2_proximal_link,left_finger_2_proximal_custom_motor_gear_bracket_driver,0.8,cylinder,"[0.11, 0.79, 0.97]",complete-module cylinder proxy; all drive mass lumped to child; internal allocation unresolved,0.2
left_finger_2_proximal_link,left_finger_2_proximal,0.20427741900952961,surface_skin,"[0.11000000000000001, 0.7900000000000004, 0.9253778610741145]",independent thin surface approximation; no strength or fabrication proof,0.3
left_finger_2_proximal_link,left_finger_2_ivory_pad,0.09457559999999998,surface_skin,"[0.14599999999999996, 0.7899999999999998, 0.927]",independent thin surface approximation; no strength or fabrication proof,0.3
left_finger_2_distal_link,left_finger_2_distal_custom_motor_gear_bracket_driver,0.8,cylinder,"[0.11, 0.79, 0.875]",complete-module cylinder proxy; all drive mass lumped to child; internal allocation unresolved,0.2
left_finger_2_distal_link,left_finger_2_distal,0.16518931588686478,surface_skin,"[0.13797855719787538, 0.7764770314690757, 0.8474877524301591]",independent thin surface approximation; no strength or fabrication proof,0.3
left_finger_3_proximal_link,left_finger_3_proximal_custom_motor_gear_bracket_driver,0.8,cylinder,"[0.11, 0.8920000000000001, 0.97]",complete-module cylinder proxy; all drive mass lumped to child; internal allocation unresolved,0.2
left_finger_3_proximal_link,left_finger_3_proximal,0.20427741900952978,surface_skin,"[0.10999999999999997, 0.8919999999999999, 0.9253778610741145]",independent thin surface approximation; no strength or fabrication proof,0.3
left_finger_3_proximal_link,left_finger_3_ivory_pad,0.09457560000000012,surface_skin,"[0.14600000000000002, 0.8919999999999999, 0.927]",independent thin surface approximation; no strength or fabrication proof,0.3
left_finger_3_distal_link,left_finger_3_distal_custom_motor_gear_bracket_driver,0.8,cylinder,"[0.11, 0.8920000000000001, 0.875]",complete-module cylinder proxy; all drive mass lumped to child; internal allocation unresolved,0.2
left_finger_3_distal_link,left_finger_3_distal,0.16518931588686478,surface_skin,"[0.13797855719787536, 0.8784770314690751, 0.8474877524301588]",independent thin surface approximation; no strength or fabrication proof,0.3
left_thumb_proximal_link,left_thumb_proximal_custom_motor_gear_bracket_driver,0.8,cylinder,"[0.1, 0.6150000000000001, 1.11]",complete-module cylinder proxy; all drive mass lumped to child; internal allocation unresolved,0.2
left_thumb_proximal_link,left_thumb_proximal,0.2440180361245457,surface_skin,"[0.10230308236961409, 0.6311215767577304, 1.0662414354035785]",independent thin surface approximation; no strength or fabrication proof,0.3
left_thumb_distal_link,left_thumb_distal_custom_motor_gear_bracket_driver,0.8,cylinder,"[0.10500000000000001, 0.65, 1.015]",complete-module cylinder proxy; all drive mass lumped to child; internal allocation unresolved,0.2
left_thumb_distal_link,left_thumb_distal,0.15925501811258902,surface_skin,"[0.13453073217843484, 0.632187812194311, 0.9878129762817959]",independent thin surface approximation; no strength or fabrication proof,0.3
right_shoulder_pitch_link,right_shoulder_pitch_gearbox,7,cylinder,"[-0.05, -0.62, 2.29]",complete-module cylinder proxy; all drive mass lumped to child; internal allocation unresolved,0.2
right_shoulder_pitch_link,right_shoulder_pitch_motor,3,cylinder,"[-0.05, -0.62, 2.29]",complete-module cylinder proxy; all drive mass lumped to child; internal allocation unresolved,0.2
right_shoulder_pitch_link,right_shoulder_pitch_output_bearing,1.5,cylinder,"[-0.05, -0.62, 2.29]",complete-module cylinder proxy; all drive mass lumped to child; internal allocation unresolved,0.2
right_shoulder_pitch_link,right_shoulder_pitch_housing_mount,1.2,cylinder,"[-0.05, -0.62, 2.29]",complete-module cylinder proxy; all drive mass lumped to child; internal allocation unresolved,0.2
right_shoulder_pitch_link,right_shoulder_pitch_driver_encoder,0.6,cylinder,"[-0.05, -0.62, 2.29]",complete-module cylinder proxy; all drive mass lumped to child; internal allocation unresolved,0.2
right_shoulder_pitch_link,right_shoulder_pitch_brake,0.9,cylinder,"[-0.05, -0.62, 2.29]",complete-module cylinder proxy; all drive mass lumped to child; internal allocation unresolved,0.2
right_shoulder_roll_link,right_shoulder_roll_gearbox,7,cylinder,"[-0.05, -0.62, 2.29]",complete-module cylinder proxy; all drive mass lumped to child; internal allocation unresolved,0.2
right_shoulder_roll_link,right_shoulder_roll_motor,3,cylinder,"[-0.05, -0.62, 2.29]",complete-module cylinder proxy; all drive mass lumped to child; internal allocation unresolved,0.2
right_shoulder_roll_link,right_shoulder_roll_output_bearing,1.5,cylinder,"[-0.05, -0.62, 2.29]",complete-module cylinder proxy; all drive mass lumped to child; internal allocation unresolved,0.2
right_shoulder_roll_link,right_shoulder_roll_housing_mount,1.2,cylinder,"[-0.05, -0.62, 2.29]",complete-module cylinder proxy; all drive mass lumped to child; internal allocation unresolved,0.2
right_shoulder_roll_link,right_shoulder_roll_driver_encoder,0.6,cylinder,"[-0.05, -0.62, 2.29]",complete-module cylinder proxy; all drive mass lumped to child; internal allocation unresolved,0.2
right_shoulder_roll_link,right_shoulder_roll_brake,0.9,cylinder,"[-0.05, -0.62, 2.29]",complete-module cylinder proxy; all drive mass lumped to child; internal allocation unresolved,0.2
right_upper_arm,right_upper_arm_frame,3,box,"[-0.030000000000000002, -0.745, 1.99]",estimated component/frame allocation; not solid material volume,0.3
right_upper_arm,right_shoulder_yaw_gearbox,3.2,cylinder,"[-0.05, -0.62, 2.29]",complete-module cylinder proxy; all drive mass lumped to child; internal allocation unresolved,0.2
right_upper_arm,right_shoulder_yaw_motor,1.3,cylinder,"[-0.05, -0.62, 2.29]",complete-module cylinder proxy; all drive mass lumped to child; internal allocation unresolved,0.2
right_upper_arm,right_shoulder_yaw_output_bearing,0.5,cylinder,"[-0.05, -0.62, 2.29]",complete-module cylinder proxy; all drive mass lumped to child; internal allocation unresolved,0.2
right_upper_arm,right_shoulder_yaw_housing_mount,0.5,cylinder,"[-0.05, -0.62, 2.29]",complete-module cylinder proxy; all drive mass lumped to child; internal allocation unresolved,0.2
right_upper_arm,right_shoulder_yaw_driver_encoder,0.3,cylinder,"[-0.05, -0.62, 2.29]",complete-module cylinder proxy; all drive mass lumped to child; internal allocation unresolved,0.2
right_upper_arm,right_shoulder_yaw_brake,0.3,cylinder,"[-0.05, -0.62, 2.29]",complete-module cylinder proxy; all drive mass lumped to child; internal allocation unresolved,0.2
right_upper_arm,right_ivory_upper_arm,3.6180014503977276,surface_skin,"[-0.015440160364093437, -0.6891196789161084, 2.0740010045372985]",independent thin surface approximation; no strength or fabrication proof,0.3
right_upper_arm,right_blue_outer_deltoid,3.0393701358289533,surface_skin,"[-0.07950039520525644, -0.7272260436179538, 2.2816852441896645]",independent thin surface approximation; no strength or fabrication proof,0.3
right_forearm,right_forearm_frame,3,box,"[0.04, -0.8400000000000001, 1.48]",estimated component/frame allocation; not solid material volume,0.3
right_forearm,right_elbow_pitch_gearbox,7,cylinder,"[0.03, -0.78, 1.79]",complete-module cylinder proxy; all drive mass lumped to child; internal allocation unresolved,0.2
right_forearm,right_elbow_pitch_motor,3,cylinder,"[0.03, -0.78, 1.79]",complete-module cylinder proxy; all drive mass lumped to child; internal allocation unresolved,0.2
right_forearm,right_elbow_pitch_output_bearing,1.5,cylinder,"[0.03, -0.78, 1.79]",complete-module cylinder proxy; all drive mass lumped to child; internal allocation unresolved,0.2
right_forearm,right_elbow_pitch_housing_mount,1.2,cylinder,"[0.03, -0.78, 1.79]",complete-module cylinder proxy; all drive mass lumped to child; internal allocation unresolved,0.2
right_forearm,right_elbow_pitch_driver_encoder,0.6,cylinder,"[0.03, -0.78, 1.79]",complete-module cylinder proxy; all drive mass lumped to child; internal allocation unresolved,0.2
right_forearm,right_elbow_pitch_brake,0.9,cylinder,"[0.03, -0.78, 1.79]",complete-module cylinder proxy; all drive mass lumped to child; internal allocation unresolved,0.2
right_forearm,right_blue_forearm,5.04861997545943,surface_skin,"[0.0372026329140881, -0.7848017552619782, 1.5018946913081859]",independent thin surface approximation; no strength or fabrication proof,0.3
right_wrist_yaw_link,right_wrist_yaw_gearbox,3.2,cylinder,"[0.045, -0.79, 1.19]",complete-module cylinder proxy; all drive mass lumped to child; internal allocation unresolved,0.2
right_wrist_yaw_link,right_wrist_yaw_motor,1.3,cylinder,"[0.045, -0.79, 1.19]",complete-module cylinder proxy; all drive mass lumped to child; internal allocation unresolved,0.2
right_wrist_yaw_link,right_wrist_yaw_output_bearing,0.5,cylinder,"[0.045, -0.79, 1.19]",complete-module cylinder proxy; all drive mass lumped to child; internal allocation unresolved,0.2
right_wrist_yaw_link,right_wrist_yaw_housing_mount,0.5,cylinder,"[0.045, -0.79, 1.19]",complete-module cylinder proxy; all drive mass lumped to child; internal allocation unresolved,0.2
right_wrist_yaw_link,right_wrist_yaw_driver_encoder,0.3,cylinder,"[0.045, -0.79, 1.19]",complete-module cylinder proxy; all drive mass lumped to child; internal allocation unresolved,0.2
right_wrist_yaw_link,right_wrist_yaw_brake,0.3,cylinder,"[0.045, -0.79, 1.19]",complete-module cylinder proxy; all drive mass lumped to child; internal allocation unresolved,0.2
right_wrist_pitch_link,right_wrist_pitch_gearbox,3.2,cylinder,"[0.045, -0.79, 1.19]",complete-module cylinder proxy; all drive mass lumped to child; internal allocation unresolved,0.2
right_wrist_pitch_link,right_wrist_pitch_motor,1.3,cylinder,"[0.045, -0.79, 1.19]",complete-module cylinder proxy; all drive mass lumped to child; internal allocation unresolved,0.2
right_wrist_pitch_link,right_wrist_pitch_output_bearing,0.5,cylinder,"[0.045, -0.79, 1.19]",complete-module cylinder proxy; all drive mass lumped to child; internal allocation unresolved,0.2
right_wrist_pitch_link,right_wrist_pitch_housing_mount,0.5,cylinder,"[0.045, -0.79, 1.19]",complete-module cylinder proxy; all drive mass lumped to child; internal allocation unresolved,0.2
right_wrist_pitch_link,right_wrist_pitch_driver_encoder,0.3,cylinder,"[0.045, -0.79, 1.19]",complete-module cylinder proxy; all drive mass lumped to child; internal allocation unresolved,0.2
right_wrist_pitch_link,right_wrist_pitch_brake,0.3,cylinder,"[0.045, -0.79, 1.19]",complete-module cylinder proxy; all drive mass lumped to child; internal allocation unresolved,0.2
right_palm,right_palm_frame,1.5,box,"[0.08, -0.79, 1.08]",estimated component/frame allocation; not solid material volume,0.3
right_palm,right_wrist_roll_gearbox,3.2,cylinder,"[0.045, -0.79, 1.19]",complete-module cylinder proxy; all drive mass lumped to child; internal allocation unresolved,0.2
right_palm,right_wrist_roll_motor,1.3,cylinder,"[0.045, -0.79, 1.19]",complete-module cylinder proxy; all drive mass lumped to child; internal allocation unresolved,0.2
right_palm,right_wrist_roll_output_bearing,0.5,cylinder,"[0.045, -0.79, 1.19]",complete-module cylinder proxy; all drive mass lumped to child; internal allocation unresolved,0.2
right_palm,right_wrist_roll_housing_mount,0.5,cylinder,"[0.045, -0.79, 1.19]",complete-module cylinder proxy; all drive mass lumped to child; internal allocation unresolved,0.2
right_palm,right_wrist_roll_driver_encoder,0.3,cylinder,"[0.045, -0.79, 1.19]",complete-module cylinder proxy; all drive mass lumped to child; internal allocation unresolved,0.2
right_palm,right_wrist_roll_brake,0.3,cylinder,"[0.045, -0.79, 1.19]",complete-module cylinder proxy; all drive mass lumped to child; internal allocation unresolved,0.2
right_palm,right_ivory_palm,1.7604513755900908,surface_skin,"[0.07999978143655422, -0.8132168516794687, 1.0673038845001035]",independent thin surface approximation; no strength or fabrication proof,0.3
right_hip_yaw_link,right_hip_yaw_gearbox,7,cylinder,"[-0.1, -0.38, 1.63]",complete-module cylinder proxy; all drive mass lumped to child; internal allocation unresolved,0.2
right_hip_yaw_link,right_hip_yaw_motor,3,cylinder,"[-0.1, -0.38, 1.63]",complete-module cylinder proxy; all drive mass lumped to child; internal allocation unresolved,0.2
right_hip_yaw_link,right_hip_yaw_output_bearing,1.5,cylinder,"[-0.1, -0.38, 1.63]",complete-module cylinder proxy; all drive mass lumped to child; internal allocation unresolved,0.2
right_hip_yaw_link,right_hip_yaw_housing_mount,1.2,cylinder,"[-0.1, -0.38, 1.63]",complete-module cylinder proxy; all drive mass lumped to child; internal allocation unresolved,0.2
right_hip_yaw_link,right_hip_yaw_driver_encoder,0.6,cylinder,"[-0.1, -0.38, 1.63]",complete-module cylinder proxy; all drive mass lumped to child; internal allocation unresolved,0.2
right_hip_yaw_link,right_hip_yaw_brake,0.9,cylinder,"[-0.1, -0.38, 1.63]",complete-module cylinder proxy; all drive mass lumped to child; internal allocation unresolved,0.2
right_hip_roll_link,right_hip_roll_gearbox,20.9,cylinder,"[-0.1, -0.38, 1.63]",complete-module cylinder proxy; all drive mass lumped to child; internal allocation unresolved,0.2
right_hip_roll_link,right_hip_roll_motor,6,cylinder,"[-0.1, -0.38, 1.63]",complete-module cylinder proxy; all drive mass lumped to child; internal allocation unresolved,0.2
right_hip_roll_link,right_hip_roll_output_bearing,2,cylinder,"[-0.1, -0.38, 1.63]",complete-module cylinder proxy; all drive mass lumped to child; internal allocation unresolved,0.2
right_hip_roll_link,right_hip_roll_housing_mount,2,cylinder,"[-0.1, -0.38, 1.63]",complete-module cylinder proxy; all drive mass lumped to child; internal allocation unresolved,0.2
right_hip_roll_link,right_hip_roll_driver_encoder,1,cylinder,"[-0.1, -0.38, 1.63]",complete-module cylinder proxy; all drive mass lumped to child; internal allocation unresolved,0.2
right_hip_roll_link,right_hip_roll_brake,2,cylinder,"[-0.1, -0.38, 1.63]",complete-module cylinder proxy; all drive mass lumped to child; internal allocation unresolved,0.2
right_thigh,right_thigh_frame,6,box,"[-0.010000000000000009, -0.39, 1.3699999999999999]",estimated component/frame allocation; not solid material volume,0.3
right_thigh,right_hip_pitch_gearbox,20.9,cylinder,"[-0.1, -0.38, 1.63]",complete-module cylinder proxy; all drive mass lumped to child; internal allocation unresolved,0.2
right_thigh,right_hip_pitch_motor,6,cylinder,"[-0.1, -0.38, 1.63]",complete-module cylinder proxy; all drive mass lumped to child; internal allocation unresolved,0.2
right_thigh,right_hip_pitch_output_bearing,2,cylinder,"[-0.1, -0.38, 1.63]",complete-module cylinder proxy; all drive mass lumped to child; internal allocation unresolved,0.2
right_thigh,right_hip_pitch_housing_mount,2,cylinder,"[-0.1, -0.38, 1.63]",complete-module cylinder proxy; all drive mass lumped to child; internal allocation unresolved,0.2
right_thigh,right_hip_pitch_driver_encoder,1,cylinder,"[-0.1, -0.38, 1.63]",complete-module cylinder proxy; all drive mass lumped to child; internal allocation unresolved,0.2
right_thigh,right_hip_pitch_brake,2,cylinder,"[-0.1, -0.38, 1.63]",complete-module cylinder proxy; all drive mass lumped to child; internal allocation unresolved,0.2
right_thigh,right_ivory_hip_transition_cuff,0.7196603714704602,surface_skin,"[0.021464600760302852, -0.3548695414324054, 1.6651610781527142]",independent thin surface approximation; no strength or fabrication proof,0.3
right_thigh,right_blue_thigh,6.623195138255846,surface_skin,"[0.11139284172144792, -0.40443638176162705, 1.320853600275419]",independent thin surface approximation; no strength or fabrication proof,0.3
right_thigh,right_orange_knee_guard,2.129780680977447,surface_skin,"[0.3904408257571063, -0.41444051437204904, 1.15454748152557]",independent thin surface approximation; no strength or fabrication proof,0.3
right_middle_shank,right_middle_shank_frame,5,box,"[0.09, -0.43, 0.75]",estimated component/frame allocation; not solid material volume,0.3
right_middle_shank,right_knee_pitch_gearbox,20.9,cylinder,"[0.24, -0.43, 0.965]",complete-module cylinder proxy; all drive mass lumped to child; internal allocation unresolved,0.2
right_middle_shank,right_knee_pitch_motor,6,cylinder,"[0.24, -0.43, 0.965]",complete-module cylinder proxy; all drive mass lumped to child; internal allocation unresolved,0.2
right_middle_shank,right_knee_pitch_output_bearing,2,cylinder,"[0.24, -0.43, 0.965]",complete-module cylinder proxy; all drive mass lumped to child; internal allocation unresolved,0.2
right_middle_shank,right_knee_pitch_housing_mount,2,cylinder,"[0.24, -0.43, 0.965]",complete-module cylinder proxy; all drive mass lumped to child; internal allocation unresolved,0.2
right_middle_shank,right_knee_pitch_driver_encoder,1,cylinder,"[0.24, -0.43, 0.965]",complete-module cylinder proxy; all drive mass lumped to child; internal allocation unresolved,0.2
right_middle_shank,right_knee_pitch_brake,2,cylinder,"[0.24, -0.43, 0.965]",complete-module cylinder proxy; all drive mass lumped to child; internal allocation unresolved,0.2
right_middle_shank,right_blue_middle_shank,4.110436797339421,surface_skin,"[0.12179922201462162, -0.4584283005637483, 0.7692684365860802]",independent thin surface approximation; no strength or fabrication proof,0.3
right_distal_shank,right_distal_shank_frame,3,box,"[-0.015, -0.49, 0.42000000000000004]",estimated component/frame allocation; not solid material volume,0.3
right_distal_shank,right_fold_pitch_gearbox,7,cylinder,"[-0.105, -0.49, 0.535]",complete-module cylinder proxy; all drive mass lumped to child; internal allocation unresolved,0.2
right_distal_shank,right_fold_pitch_motor,3,cylinder,"[-0.105, -0.49, 0.535]",complete-module cylinder proxy; all drive mass lumped to child; internal allocation unresolved,0.2
right_distal_shank,right_fold_pitch_output_bearing,1.5,cylinder,"[-0.105, -0.49, 0.535]",complete-module cylinder proxy; all drive mass lumped to child; internal allocation unresolved,0.2
right_distal_shank,right_fold_pitch_housing_mount,1.2,cylinder,"[-0.105, -0.49, 0.535]",complete-module cylinder proxy; all drive mass lumped to child; internal allocation unresolved,0.2
right_distal_shank,right_fold_pitch_driver_encoder,0.6,cylinder,"[-0.105, -0.49, 0.535]",complete-module cylinder proxy; all drive mass lumped to child; internal allocation unresolved,0.2
right_distal_shank,right_fold_pitch_brake,0.9,cylinder,"[-0.105, -0.49, 0.535]",complete-module cylinder proxy; all drive mass lumped to child; internal allocation unresolved,0.2
right_distal_shank,right_blue_distal_front_guard,0.799418178158239,surface_skin,"[0.04947415930603659, -0.5086345373218779, 0.3959630233000821]",independent thin surface approximation; no strength or fabrication proof,0.3
right_ankle_pitch_link,right_ankle_pitch_gearbox,7,cylinder,"[-0.07, -0.53, 0.27]",complete-module cylinder proxy; all drive mass lumped to child; internal allocation unresolved,0.2
right_ankle_pitch_link,right_ankle_pitch_motor,3,cylinder,"[-0.07, -0.53, 0.27]",complete-module cylinder proxy; all drive mass lumped to child; internal allocation unresolved,0.2
right_ankle_pitch_link,right_ankle_pitch_output_bearing,1.5,cylinder,"[-0.07, -0.53, 0.27]",complete-module cylinder proxy; all drive mass lumped to child; internal allocation unresolved,0.2
right_ankle_pitch_link,right_ankle_pitch_housing_mount,1.2,cylinder,"[-0.07, -0.53, 0.27]",complete-module cylinder proxy; all drive mass lumped to child; internal allocation unresolved,0.2
right_ankle_pitch_link,right_ankle_pitch_driver_encoder,0.6,cylinder,"[-0.07, -0.53, 0.27]",complete-module cylinder proxy; all drive mass lumped to child; internal allocation unresolved,0.2
right_ankle_pitch_link,right_ankle_pitch_brake,0.9,cylinder,"[-0.07, -0.53, 0.27]",complete-module cylinder proxy; all drive mass lumped to child; internal allocation unresolved,0.2
right_foot,right_foot_frame,6,box,"[0.14, -0.575, 0.09]",estimated component/frame allocation; not solid material volume,0.3
right_foot,right_ankle_roll_gearbox,7,cylinder,"[-0.07, -0.53, 0.27]",complete-module cylinder proxy; all drive mass lumped to child; internal allocation unresolved,0.2
right_foot,right_ankle_roll_motor,3,cylinder,"[-0.07, -0.53, 0.27]",complete-module cylinder proxy; all drive mass lumped to child; internal allocation unresolved,0.2
right_foot,right_ankle_roll_output_bearing,1.5,cylinder,"[-0.07, -0.53, 0.27]",complete-module cylinder proxy; all drive mass lumped to child; internal allocation unresolved,0.2
right_foot,right_ankle_roll_housing_mount,1.2,cylinder,"[-0.07, -0.53, 0.27]",complete-module cylinder proxy; all drive mass lumped to child; internal allocation unresolved,0.2
right_foot,right_ankle_roll_driver_encoder,0.6,cylinder,"[-0.07, -0.53, 0.27]",complete-module cylinder proxy; all drive mass lumped to child; internal allocation unresolved,0.2
right_foot,right_ankle_roll_brake,0.9,cylinder,"[-0.07, -0.53, 0.27]",complete-module cylinder proxy; all drive mass lumped to child; internal allocation unresolved,0.2
right_foot,right_dark_sole,9.033065091423216,surface_skin,"[0.14000000000000004, -0.5749999999999998, 0.025139969755185128]",independent thin surface approximation; no strength or fabrication proof,0.3
right_foot,right_ivory_foot_upper,8.265479103423866,surface_skin,"[0.15295020010816643, -0.5750013506689725, 0.0950154194344959]",independent thin surface approximation; no strength or fabrication proof,0.3
right_foot,right_dark_rear_heel,2.996558552576541,surface_skin,"[-0.16766370626965, -0.5750001988506287, 0.09937721606417713]",independent thin surface approximation; no strength or fabrication proof,0.3
right_foot,right_ivory_ankle_inst_ep,1.690549211867931,surface_skin,"[0.01872715577968307, -0.5749992569673981, 0.1804099242419511]",independent thin surface approximation; no strength or fabrication proof,0.3
right_finger_1_proximal_link,right_finger_1_proximal_custom_motor_gear_bracket_driver,0.8,cylinder,"[0.11, -0.688, 0.97]",complete-module cylinder proxy; all drive mass lumped to child; internal allocation unresolved,0.2
right_finger_1_proximal_link,right_finger_1_proximal,0.20427741900952953,surface_skin,"[0.11000000000000001, -0.6879999999999997, 0.9253778610741143]",independent thin surface approximation; no strength or fabrication proof,0.3
right_finger_1_proximal_link,right_finger_1_ivory_pad,0.09457559999999998,surface_skin,"[0.14599999999999996, -0.688, 0.927]",independent thin surface approximation; no strength or fabrication proof,0.3
right_finger_1_distal_link,right_finger_1_distal_custom_motor_gear_bracket_driver,0.8,cylinder,"[0.11, -0.688, 0.875]",complete-module cylinder proxy; all drive mass lumped to child; internal allocation unresolved,0.2
right_finger_1_distal_link,right_finger_1_distal,0.1651893158905876,surface_skin,"[0.1379785572240172, -0.6744770314481799, 0.8474877523840149]",independent thin surface approximation; no strength or fabrication proof,0.3
right_finger_2_proximal_link,right_finger_2_proximal_custom_motor_gear_bracket_driver,0.8,cylinder,"[0.11, -0.79, 0.97]",complete-module cylinder proxy; all drive mass lumped to child; internal allocation unresolved,0.2
right_finger_2_proximal_link,right_finger_2_proximal,0.20427741900952964,surface_skin,"[0.10999999999999999, -0.7900000000000005, 0.9253778610741147]",independent thin surface approximation; no strength or fabrication proof,0.3
right_finger_2_proximal_link,right_finger_2_ivory_pad,0.09457559999999998,surface_skin,"[0.14599999999999996, -0.7899999999999998, 0.927]",independent thin surface approximation; no strength or fabrication proof,0.3
right_finger_2_distal_link,right_finger_2_distal_custom_motor_gear_bracket_driver,0.8,cylinder,"[0.11, -0.79, 0.875]",complete-module cylinder proxy; all drive mass lumped to child; internal allocation unresolved,0.2
right_finger_2_distal_link,right_finger_2_distal,0.1651893158905876,surface_skin,"[0.13797855722401717, -0.7764770314481796, 0.8474877523840145]",independent thin surface approximation; no strength or fabrication proof,0.3
right_finger_3_proximal_link,right_finger_3_proximal_custom_motor_gear_bracket_driver,0.8,cylinder,"[0.11, -0.8920000000000001, 0.97]",complete-module cylinder proxy; all drive mass lumped to child; internal allocation unresolved,0.2
right_finger_3_proximal_link,right_finger_3_proximal,0.2042774190095297,surface_skin,"[0.11000000000000001, -0.8920000000000002, 0.9253778610741147]",independent thin surface approximation; no strength or fabrication proof,0.3
right_finger_3_proximal_link,right_finger_3_ivory_pad,0.09457560000000012,surface_skin,"[0.14600000000000002, -0.8919999999999999, 0.927]",independent thin surface approximation; no strength or fabrication proof,0.3
right_finger_3_distal_link,right_finger_3_distal_custom_motor_gear_bracket_driver,0.8,cylinder,"[0.11, -0.8920000000000001, 0.875]",complete-module cylinder proxy; all drive mass lumped to child; internal allocation unresolved,0.2
right_finger_3_distal_link,right_finger_3_distal,0.1651893158905876,surface_skin,"[0.1379785572240172, -0.8784770314481796, 0.8474877523840143]",independent thin surface approximation; no strength or fabrication proof,0.3
right_thumb_proximal_link,right_thumb_proximal_custom_motor_gear_bracket_driver,0.8,cylinder,"[0.1, -0.6150000000000001, 1.11]",complete-module cylinder proxy; all drive mass lumped to child; internal allocation unresolved,0.2
right_thumb_proximal_link,right_thumb_proximal,0.24401803612868816,surface_skin,"[0.10230308235807598, -0.6311215767122738, 1.0662414355196796]",independent thin surface approximation; no strength or fabrication proof,0.3
right_thumb_distal_link,right_thumb_distal_custom_motor_gear_bracket_driver,0.8,cylinder,"[0.10500000000000001, -0.65, 1.015]",complete-module cylinder proxy; all drive mass lumped to child; internal allocation unresolved,0.2
right_thumb_distal_link,right_thumb_distal,0.15925501812177587,surface_skin,"[0.13453073209067284, -0.6321878122460577, 0.9878129763666187]",independent thin surface approximation; no strength or fabrication proof,0.3
