编号,物料,型号/规格,装机量,初样量,单位,整机对应,采购建议,状态,放行条件,来源
B01,嘴部舵机,XL330-M288-T；18g；20×34×26mm；推荐5V,1,1,个,A02已含1台,复用优先,未下单,确认附件、交期；勿从堵转扭矩推出载荷,https://emanual.robotis.com/docs/en/dxl/x/xl330-m288/ | https://robotis.us/products/dynamixel-xl330-m288-t
B02,舵盘/电机接口件,按XL330实际输出接口,1,1,套,M01细目,先核附件,待选型,核对随附件与孔位，不猜接口,https://emanual.robotis.com/docs/en/dxl/x/xl330-m288/
B03,主连杆轴,直径3mm精密光轴/肩轴，长度待CAD,4,4,根,M02细目,CAD后下单,待CAD,全行程同轴/轴向保留；不用螺纹滑动面,docs/Goose_Beak_R2.md §6
B04,主转轴衬套,igus JFM-0304-03；3/4.5/7.5×3mm,8,8,个,M02细目,可先样件,未下单,法兰厚0.75mm；压配孔与装配公差待样件,https://www.igus.cn/product/iglidur_J_FM
B05,压垫微摆轴,约2mm金属轴，长度待CAD,1,1,根,M02细目,CAD后下单,待CAD,约±4°被动微摆，设止挡,docs/Goose_Beak_R2.md §4.2
B06,上下接触垫,约2mm；Shore A20–30硅胶；三段接触,2,4,件,M05/F03同一物,两副试样,待样件,装机2件+试样2件；不是额外三套夹爪,https://www.smooth-on.com/products/dragon-skin-20/
B07,弹性回正件,与软垫同批弹性体制作,1,1,组,由B08材料制作,与垫同批,待样件,回正/迟滞/疲劳待测,docs/Goose_Beak_R2.md §4.2
B08,软垫原料或浇注服务,Dragon Skin 20仅作A20候选；可替代,0,1,小包装/服务,制作B06/B07,采购或外包二选一,待询价,不是原料和成品同时重复采购,https://www.smooth-on.com/products/dragon-skin-20/
B09,螺钉/垫片/轴向保留,M2为主，按接口制式匹配,1,1,组,M03细目,CAD后展开,待CAD,不擅自修改厂商孔制；数量长度由装配导出,docs/Goose_Beak_R2.md §6
B10,口部线材/应力释放,X330匹配TTL线材，长度待布线,1,1,套,C01细目,已有则复用,待选型,核对针序、压降和运动线束，勿带电插拔,https://emanual.robotis.com/docs/en/dxl/x/xl330-m288/
B11,通信与限流供电,U2D2/已有接口 + 独立5V电源,0,1,套,E02/T01工具,已有则复用,待确认,U2D2不供电；台架工具不装入口部,https://emanual.robotis.com/docs/en/parts/interface/u2d2/
B12,夹力/拉脱力测试工具,小量程测力计或经标定的夹具,0,1,套,新增台架明细,已有则复用,待询价,不是默认机载传感器；量程分辨率按试验定,docs/Goose_Beak_R2.md §8
