body,mass_kg,com_x_m,com_y_m,com_z_m,ixx,iyy,izz,ixy,ixz,iyz
torso,2.178891243235816,-0.015306082557797323,-0.0016812178611096233,0.32951814898277043,0.008383833837428686,0.01483969241904323,0.017277747289402588,-0.00019166120775419824,0.0009487679391541749,1.2990289075910157e-05
neck_yaw,0.45294349124138206,-1.7268310993634461e-07,-0.0007048891988300066,0.060960584342048596,0.0003043983388213051,0.00023774486791757572,0.00023083202677042967,1.8727081926409902e-09,3.236493454694765e-08,8.80694804842628e-06
neck_pitch,0.6107350780492311,-0.05799548597643267,-0.0009078086584944603,0.08185788015302148,0.0012909814201038186,0.0013881252930672055,0.0008716258402988986,-4.547012227302411e-05,0.000556631624350527,7.964983467041426e-05
neck_mid_pitch,0.5145364404531154,0.052393753795951604,0.002063425478576288,0.06752041621990124,0.0011354498725309535,0.0012305544887446453,0.000879006997896177,6.750631292422952e-05,-0.0005196656193582194,8.848428021518052e-05
head_pitch,0.05813070923092986,0.020548682972421815,0.00557068165139365,-0.021424731068606317,2.8138983496849594e-05,4.06821324478774e-05,2.9373054483829766e-05,5.167956792062875e-06,8.72572809433261e-06,-2.3267300960853496e-06
head_roll,0.6918191164200863,0.0602936021696585,-0.0002621523197965771,0.009058695935622585,0.00047005341480335535,0.0008043857144986493,0.0008044661883205355,-2.480989791749203e-06,0.0001255965119784734,3.4573673246348645e-06
beak_hinge,0.12444184333803009,0.022105349738602786,0.0021783860398677996,-0.0158287818399776,5.981546379393217e-05,0.00010144378189161727,0.00011603177618500176,6.670548639629923e-06,3.1879502956955006e-05,-3.1024451994627713e-06
right_hip_yaw,0.4679029510549537,-0.02222674674999112,8.851795824105224e-10,-0.04114163681515337,0.0005134200786291527,0.0007198312073257859,0.00037031396313128126,-8.413091553620785e-12,-0.0002065414875396822,-4.797798841447058e-10
right_hip_roll,0.4793867924884531,0.059580137134601426,-0.010388214790760894,-0.011597649834218682,0.0002604957101858333,0.0002787778304798859,0.00035802597796463786,-3.249242209490524e-07,2.3518959104301158e-05,-5.983451374010338e-06
right_hip_pitch,0.5993243195245721,-0.051659257799522386,0.001718937647631577,-0.0913936699560374,0.001399502299314565,0.001415588206219582,0.0007685572503505669,3.7517105607905606e-05,-0.0005257418807643579,6.63826168381078e-05
right_knee_pitch,0.6123304183589124,0.03970846910665156,0.0007221527825113649,-0.07007417027842668,0.0012368041849337855,0.0010739961699116369,0.0007863182675660955,-6.568197704963893e-05,0.00037689758660877,0.00011590872773519864
right_ankle_pitch,0.4346741956471732,0.04590239802950088,-0.005313866191867717,-0.015068831057171363,0.0004914091039474495,0.0005055478160767453,0.0005857760745597088,-4.867839762923105e-05,0.00012548468940271976,1.950273519859892e-05
right_ankle_roll,0.29298065203309476,-0.015929887580024234,-7.502205121023842e-08,-0.02223754673479878,0.00018492286717255012,0.0007942059949554859,0.0008753337200319597,2.4534688008297092e-08,-4.0579918865379623e-05,2.0168397510318844e-11
left_hip_yaw,0.4679029510549538,-0.022226746749991113,8.851796240438858e-10,-0.041141636815153426,0.0005134200786291523,0.0007198312073257856,0.00037031396313128126,-8.413091373248603e-12,-0.00020654148753968224,-4.79779886222981e-10
left_hip_roll,0.4793867845955629,0.059580137572231566,0.010388304328403139,-0.011597746622571015,0.0002604943680509979,0.00027877833209404414,0.0003580241230390559,3.2606512451115924e-07,2.351772724771368e-05,5.96988799649201e-06
left_hip_pitch,0.5993241243826795,-0.051656484807437585,-0.0017189377854475857,-0.09139215608072909,0.0013996708580227889,0.0014155822765689868,0.0007683822571898105,-3.752157673389327e-05,-0.0005252354021864334,-6.638520409086244e-05
left_knee_pitch,0.6123304565879957,0.039708267584740976,-0.0007221520383150076,-0.0700737211387009,0.0012368218549283492,0.0010740329260672604,0.0007863374873101748,6.568612471489017e-05,0.00037701773719384666,-0.00011591153990375897
left_ankle_pitch,0.4346741919504113,0.04590239773598142,0.0053138819986097985,-0.015068997759136296,0.000491409655930972,0.0005055398692115478,0.0005857845677090688,4.867827582782356e-05,0.0001254864085280614,-1.952567193707393e-05
left_ankle_roll,0.29298065203332774,-0.015929887579990462,-7.502205218168356e-08,-0.022237546734798306,0.00018492286717279642,0.0007942059949564281,0.0008753337200331291,2.453468769697235e-08,-4.057991886543569e-05,2.016833771742243e-11
