id,description,quantity,specification,mass_kg,mass_basis,step,source,domestic_price_rmb,purchase_release,installation
radxa_zero_3w_board,Radxa ZERO 3W; RAM/eMMC and purchased board revision not frozen,1,Official STEP/DXF listed as V1.11; purchased revision must match or be rechecked,,Bare individual masses not frozen; both remain inside existing54g combined reserve,,https://docs.radxa.com/zero/zero3/download,,False,below_PCB
usb_hub_hat_b_board,"Waveshare USB HUB HAT (B), SKU 20317, USB 2.0",1,2023-06-07 vendor assembly; compare with purchased board,,Bare individual masses not frozen; both remain inside existing54g combined reserve,,https://www.waveshare.com/usb-hub-hat-b.htm,,False,above_PCB_USB_ports_point_down
torso_compute_mount_chassis_plate,Modified3mm6061 chassis; replaces existing plate,1,Native STEP defines nominal geometry; tolerances/finish/local strength not released,0.09433190027080099,Native volume x density2700kg/m3,cad/exports/compute_module_mounts/torso_compute_mount_chassis_plate.step,configs/compute_module_mounts.json,,False,Replacement chassis
compute_dual_shelf_frame_carrier,Original monolithic6061 compute rack; DFM pending,1,Native STEP defines nominal geometry; tolerances/finish/local strength not released,0.019136511737383018,Native volume x density2700kg/m3,cad/exports/compute_module_mounts/compute_dual_shelf_frame_carrier.step,configs/compute_module_mounts.json,,False,Four dedicated M3x12 frame anchors
pcb_nylon_washer,Nylon M2 washer,16,OD4/ID2.2/t0.5mm,8.063840023234283e-05,"Nominal native envelopes, not measured vendor hardware",cad/exports/compute_module_mounts/radxa_zero_3w_pcb_0_bottom_washer.step,configs/compute_module_mounts.json,,False,Candidate nominal stack; locking/preload/tolerance pending
pcb_m2x6,Steel M2x6 socket screw,8,HeadOD3.8/h2mm; M2 tapped supports,0.0025915877445405215,"Nominal native envelopes, not measured vendor hardware",cad/exports/compute_module_mounts/radxa_zero_3w_pcb_0_m2x6.step,configs/compute_module_mounts.json,,False,Candidate nominal stack; locking/preload/tolerance pending
frame_m3_washer,Steel M3 washer,8,OD7/ID3.2/t0.5mm,0.0009497914237744946,"Nominal native envelopes, not measured vendor hardware",cad/exports/compute_module_mounts/compute_frame_0_bottom_washer.step,configs/compute_module_mounts.json,,False,Candidate nominal stack; locking/preload/tolerance pending
frame_m3x12,Steel M3x12 socket screw,4,HeadOD5.5/h3mm; shaft12mm,0.004870254011227578,"Nominal native envelopes, not measured vendor hardware",cad/exports/compute_module_mounts/compute_frame_0_m3x12.step,configs/compute_module_mounts.json,,False,Candidate nominal stack; locking/preload/tolerance pending
frame_m3_nut,Steel M3 nut,4,AF5.5/h2.4mm,0.001622902323243047,"Nominal native envelopes, not measured vendor hardware",cad/exports/compute_module_mounts/compute_frame_0_m3_nut.step,configs/compute_module_mounts.json,,False,Candidate nominal stack; locking/preload/tolerance pending
