axis,actuator,bus,node_id,supply_domain,cable_mate,pin_1_net,pin_2_net,pin_3_net,pin_4_net,branch_fuse_a_unqualified,harness_length_m_unqualified
neck_yaw,ak40_10_v3,can_a,1,protected_motor_bus,AMASS XT30(2+2)-F,protected_motor_bus,ground,can_a_l,can_a_h,,
neck_pitch,ak45_36_v3,can_a,2,protected_motor_bus,AMASS XT30(2+2)-F,protected_motor_bus,ground,can_a_l,can_a_h,,
neck_mid_pitch,ak45_36_v3,can_a,3,protected_motor_bus,AMASS XT30(2+2)-F,protected_motor_bus,ground,can_a_l,can_a_h,,
head_pitch,ak45_10_v3,can_a,4,protected_motor_bus,AMASS XT30(2+2)-F,protected_motor_bus,ground,can_a_l,can_a_h,,
head_roll,xc330_m288_t,ttl_head,,head_5v,JST EHR-03,ground,head_5v,ttl_data,,,
beak_hinge,ak45_36_v3_parallel_crank_1_to_1,can_a,5,protected_motor_bus,AMASS XT30(2+2)-F,protected_motor_bus,ground,can_a_l,can_a_h,,
right_hip_yaw,ak40_10_v3,can_a,6,protected_motor_bus,AMASS XT30(2+2)-F,protected_motor_bus,ground,can_a_l,can_a_h,,
right_hip_roll,ak45_36_v3,can_a,7,protected_motor_bus,AMASS XT30(2+2)-F,protected_motor_bus,ground,can_a_l,can_a_h,,
right_hip_pitch,ak45_36_v3,can_b,1,protected_motor_bus,AMASS XT30(2+2)-F,protected_motor_bus,ground,can_b_l,can_b_h,,
right_knee_pitch,ak45_36_v3,can_b,2,protected_motor_bus,AMASS XT30(2+2)-F,protected_motor_bus,ground,can_b_l,can_b_h,,
right_ankle_pitch,ak45_36_v3,can_b,3,protected_motor_bus,AMASS XT30(2+2)-F,protected_motor_bus,ground,can_b_l,can_b_h,,
right_ankle_roll,ak45_10_v3,can_b,4,protected_motor_bus,AMASS XT30(2+2)-F,protected_motor_bus,ground,can_b_l,can_b_h,,
left_hip_yaw,ak40_10_v3,can_a,8,protected_motor_bus,AMASS XT30(2+2)-F,protected_motor_bus,ground,can_a_l,can_a_h,,
left_hip_roll,ak45_36_v3,can_a,9,protected_motor_bus,AMASS XT30(2+2)-F,protected_motor_bus,ground,can_a_l,can_a_h,,
left_hip_pitch,ak45_36_v3,can_b,5,protected_motor_bus,AMASS XT30(2+2)-F,protected_motor_bus,ground,can_b_l,can_b_h,,
left_knee_pitch,ak45_36_v3,can_b,6,protected_motor_bus,AMASS XT30(2+2)-F,protected_motor_bus,ground,can_b_l,can_b_h,,
left_ankle_pitch,ak45_36_v3,can_b,7,protected_motor_bus,AMASS XT30(2+2)-F,protected_motor_bus,ground,can_b_l,can_b_h,,
left_ankle_roll,ak45_10_v3,can_b,8,protected_motor_bus,AMASS XT30(2+2)-F,protected_motor_bus,ground,can_b_l,can_b_h,,
