group,description,sku,quantity,unit,usd_public_unit_reference,usd_public_extended_reference,china_quote_rmb,source,gate,note
actuator,XM430-W350-T,902-0124-000,12,pcs,269.9,3238.8,,https://en.robotis.com/shop_en/item.php?it_id=902-0124-000,china_quote_and_TTL_pack_check,Front HN12 horn and one ordinary X3P cable included per motor.
actuator,XM540-W270-T,902-0137-000,2,pcs,419.9,839.8,,https://en.robotis.com/shop_en/item.php?it_id=902-0137-000,china_quote_and_TTL_pack_check,Front HN13 horn and one ordinary X3P cable included per motor.
actuator,XC330-M288-T,902-0173-000,2,pcs,89.9,179.8,,https://en.robotis.com/shop_en/item.php?it_id=902-0173-000,china_quote_and_mount_check,"Built-in front output, ordinary X3P cable included; no rear idler."
interface,U2D2 USB-C revision,902-0132-000,2,pcs,32.1,64.2,,https://en.robotis.com/shop_en/item.php?it_id=902-0132-000,china_quote_and_USB_C_revision,USB cable included; U2D2 does not power servos.
idler,HN12-I101 Set,903-0240-000,12,pcs,17.8,213.6,,https://en.robotis.com/shop_en/item.php?it_id=903-0240-000,conditional_full_rear_support,Subtract sets supplied inside any selected FR12 frame kits.
idler,HN13-I101 Set,903-0267-000,2,pcs,42.9,85.8,,https://en.robotis.com/shop_en/item.php?it_id=903-0267-000,conditional_full_rear_support,Subtract sets supplied inside any selected FR13 frame kits.
idler,FPX330-H101 4PCS SET,903-0302-000,1,pcs,9.8,9.8,,https://en.robotis.com/shop_en/item.php?it_id=903-0302-000,conditional_full_rear_support,One pack has four hinge/idler/cap groups; only two are used here.
vision,OV5693 5MP USB Camera (A),Waveshare 24710,1,pcs,,,,https://www.waveshare.com/ov5693-5mp-usb-camera-a.htm,physical_focus_FOV_mount_and_china_quote,
compute,ZERO 3W,Radxa ZERO 3W,1,pcs,,,,https://docs.radxa.com/zero/zero3,revision_connector_thermal_and_china_quote,
compute,USB HUB HAT (B),Waveshare 20317,1,pcs,,,,https://www.waveshare.com/usb-hub-hat-b.htm,VBUS_isolation_and_total_port_power,
sensor,WT901C-TTL IMU,WitMotion WT901C-TTL,1,pcs,,,,https://www.wit-motion.com/,mount_orientation_and_timestamp_calibration,
sensor,USB-TTL adapter for IMU,WitMotion A.000057,1,pcs,,,,https://www.wit-motion.com/,revision_and_plug_envelope,
power,5V D24V90F5 buck,Pololu 2866,2,pcs,,,,https://www.pololu.com/product/2866,servo_and_logic_independent_thermal_test,
audio,adjustable audio buck,Pololu 3798,1,pcs,,,,https://www.pololu.com/product/3798,audio_rail_thermal_and_wiring,
audio,DFPlayer Mini,DFRobot DFR0299,1,pcs,,,,https://www.dfrobot.com/product-1121.html,physical_speaker_loudness_and_UART,
audio,30 mm speaker,Same Sky CMS-3058-18L200,1,pcs,,,,https://www.sameskydevices.com/,rear_mount_and_acoustic_test,
battery,3S 1500 mAh XT60 LiPo,CNHL 1501303BK,1,pcs,,,,https://chinahobbyline.com/products/cnhl-black-series-v2-0-1500mah-11-1v-3s-130c-lipo-battery-with-xt60-plug,battery_protection_charge_and_access,
power,12V motor rail relay,Panasonic CB1a-12V,1,pcs,,,,https://industry.panasonic.com/,DC_load_rating_and_EStop_test,
safety,NC latching E-stop control switch,Schneider XB5AS8442,1,pcs,,,,https://www.se.com/,external_control_box_and_relay_interface,
structure,"12x12x1.5 aluminium square tube, cut 134 mm",generic extrusion,1,pcs,,,,,saw_drill_fixture_and_actual_stock,
wiring,12V/5V TTL harness and branch power injection,custom,1,pcs,,,,,lengths_AWG_connector_pinout_and_bend_sweep,
safety,main and branch fuses plus rated holders,select_by_current_curve,1,pcs,,,,,current_curve_DC_breaking_and_wire_rating,
hardware,M2/M2.5/M3 structural fastener and insert schedule,select_after_stack_review,1,pcs,,,,,diameter_length_thread_depth_and_access,
hardware,6x2 mm service-door magnet,generic neodymium disc,4,pcs,,,,,diameter_thickness_plating_polarity_and_retention,
hardware,service-door magnet retention adhesive,two-part epoxy small pack,1,pcs,,,,,PETG_magnet_bond_and_access_test,
print_material,PETG white stock,PETG white,2.0,kg,,,,https://bambulab.cn/zh-cn/filament/petg-hf,china_pack_price_drying_and_slicer_yield,CAD nominal 1.468 kg; stock includes prototypes/support/waste; vendor pack size to confirm.
print_material,PETG orange stock,PETG orange,1.0,kg,,,,https://bambulab.cn/zh-cn/filament/petg-hf,china_pack_price_drying_and_slicer_yield,CAD nominal 0.214 kg; stock includes prototypes/support/waste; vendor pack size to confirm.
print_material,PETG black stock,PETG black,1.0,kg,,,,https://bambulab.cn/zh-cn/filament/petg-hf,china_pack_price_drying_and_slicer_yield,CAD nominal 0.113 kg; stock includes prototypes/support/waste; vendor pack size to confirm.
print_material,TPU black stock,TPU black,1.0,kg,,,,https://bambulab.cn/zh-cn/filament/tpu-95a-hf,china_pack_price_drying_and_slicer_yield,CAD nominal 0.046 kg; stock includes prototypes/support/waste; vendor pack size to confirm.
print_material,PAHT-CF structural trial stock,PAHT-CF,1.0,kg,,,,https://bambulab.cn/zh-cn/filament/paht-cf,conditional_strength_and_drying_trial,Conditional sample stock only; not assumed in the 112 PETG parts or released structure.
