assembly,role,thread,length_mm,washer_mm,count,effective_engagement_mm,length_pass,released
right_hip_roll_to_pitch,output_to_motor,M3,8.0,0.5,6,3.5,True,False
right_hip_roll_to_pitch,arm_to_adapter,M3,10.0,1.0,3,3.5,True,False
right_hip_roll_to_pitch,arm_to_block,M3,12.0,0.5,2,6.0,True,False
right_hip_roll_to_pitch,case_plate_to_block,M3,10.0,0.5,2,5.5,True,False
right_hip_roll_to_pitch,case_plate_to_stator,M3,8.0,1.0,6,3.0,True,False
left_hip_roll_to_pitch,output_to_motor,M3,8.0,0.5,6,3.5,True,False
left_hip_roll_to_pitch,arm_to_adapter,M3,10.0,1.0,3,3.5,True,False
left_hip_roll_to_pitch,arm_to_block,M3,12.0,0.5,2,6.0,True,False
left_hip_roll_to_pitch,case_plate_to_block,M3,10.0,0.5,2,5.5,True,False
left_hip_roll_to_pitch,case_plate_to_stator,M3,8.0,1.0,6,3.0,True,False
