part,quantity,sku,material,mass_kg,basis,primary_source,step,stl,manufacturing_release
wing_hinge_right_0_shoulder_screw,1,MISUMI MSB4.5-10,SCM435,0.002238781834188124,"Own nominal purchased envelope, tolerances/price/delivery unqualified",https://sg.misumi-ec.com/vona2/detail/110300249140/?HissuCode=MSB4.5-10,cad/exports/manual_wing_service/wing_hinge_right_0_shoulder_screw.step,cad/exports/manual_wing_service/wing_hinge_right_0_shoulder_screw.stl,False
wing_hinge_right_0_m3_washer,1,M3 plain washer OD7 ID3.2 t0.5mm,Steel,0.00011948497879214389,Nominal purchased envelope; confirm actual selected lot dimensions,,cad/exports/manual_wing_service/wing_hinge_right_0_m3_washer.step,cad/exports/manual_wing_service/wing_hinge_right_0_m3_washer.stl,False
wing_hinge_right_0_retention_nut,1,KIPP 07214-203 DIN985 M3,Steel+nylon,0.0006684598402179003,Own nominal maximum hex envelope; nylon mass is conservatively represented as steel,https://uk.c.misumi-ec.com/book/EPE1_ENG_09_10_24/pdf/1738.pdf,cad/exports/manual_wing_service/wing_hinge_right_0_retention_nut.step,cad/exports/manual_wing_service/wing_hinge_right_0_retention_nut.stl,False
wing_hinge_right_1_shoulder_screw,1,MISUMI MSB4.5-10,SCM435,0.002238781834188124,"Own nominal purchased envelope, tolerances/price/delivery unqualified",https://sg.misumi-ec.com/vona2/detail/110300249140/?HissuCode=MSB4.5-10,cad/exports/manual_wing_service/wing_hinge_right_1_shoulder_screw.step,cad/exports/manual_wing_service/wing_hinge_right_1_shoulder_screw.stl,False
wing_hinge_right_1_m3_washer,1,M3 plain washer OD7 ID3.2 t0.5mm,Steel,0.00011948497879214389,Nominal purchased envelope; confirm actual selected lot dimensions,,cad/exports/manual_wing_service/wing_hinge_right_1_m3_washer.step,cad/exports/manual_wing_service/wing_hinge_right_1_m3_washer.stl,False
wing_hinge_right_1_retention_nut,1,KIPP 07214-203 DIN985 M3,Steel+nylon,0.0006684598402179003,Own nominal maximum hex envelope; nylon mass is conservatively represented as steel,https://uk.c.misumi-ec.com/book/EPE1_ENG_09_10_24/pdf/1738.pdf,cad/exports/manual_wing_service/wing_hinge_right_1_retention_nut.step,cad/exports/manual_wing_service/wing_hinge_right_1_retention_nut.stl,False
wing_closure_right_thumb_screw,1,Elesa+Ganter DIN653-M3-8 blackened steel,Steel,0.0026634422517134264,"Own nominal full-volume envelope, steel7850kg/m3; catalog rounded mass is not substituted",https://www.elesa-ganter.com/siteassets/PDF/EN/DIN%20653.pdf,cad/exports/manual_wing_service/wing_closure_right_thumb_screw.step,cad/exports/manual_wing_service/wing_closure_right_thumb_screw.stl,False
wing_closure_right_m3_washer,1,M3 plain washer OD7 ID3.2 t0.5mm,Steel,0.000119484978792144,Nominal purchased envelope; confirm actual selected lot dimensions,,cad/exports/manual_wing_service/wing_closure_right_m3_washer.step,cad/exports/manual_wing_service/wing_closure_right_m3_washer.stl,False
wing_closure_right_m3_insert,1,Ruthex RX-M3x5.7,Brass,0.0005673633865576006,Own nominal maximum-OD envelope; heat setting unqualified,https://www.ruthex.de/products/ruthex-gewindeeinsatz-m3-100-stuck-rx-m3x5-7,cad/exports/manual_wing_service/wing_closure_right_m3_insert.step,cad/exports/manual_wing_service/wing_closure_right_m3_insert.stl,False
torso_manual_shell_right_aft,1,Self-designed PETG print candidate,PETG,0.0866104492121238,"Full-density native CAD estimate, print unqualified",,cad/exports/manual_wing_service/torso_manual_shell_right_aft.step,cad/exports/manual_wing_service/torso_manual_shell_right_aft.stl,False
torso_manual_shell_right_fore,1,Self-designed PETG print candidate,PETG,0.09260513803195547,"Full-density native CAD estimate, print unqualified",,cad/exports/manual_wing_service/torso_manual_shell_right_fore.step,cad/exports/manual_wing_service/torso_manual_shell_right_fore.stl,False
wing_manual_door_right,1,Self-designed PETG print candidate,PETG,0.03417786948173991,"Full-density native CAD estimate, print unqualified",,cad/exports/manual_wing_service/wing_manual_door_right.step,cad/exports/manual_wing_service/wing_manual_door_right.stl,False
wing_hinge_left_0_shoulder_screw,1,MISUMI MSB4.5-10,SCM435,0.002238781834188124,"Own nominal purchased envelope, tolerances/price/delivery unqualified",https://sg.misumi-ec.com/vona2/detail/110300249140/?HissuCode=MSB4.5-10,cad/exports/manual_wing_service/wing_hinge_left_0_shoulder_screw.step,cad/exports/manual_wing_service/wing_hinge_left_0_shoulder_screw.stl,False
wing_hinge_left_0_m3_washer,1,M3 plain washer OD7 ID3.2 t0.5mm,Steel,0.00011948497879214389,Nominal purchased envelope; confirm actual selected lot dimensions,,cad/exports/manual_wing_service/wing_hinge_left_0_m3_washer.step,cad/exports/manual_wing_service/wing_hinge_left_0_m3_washer.stl,False
wing_hinge_left_0_retention_nut,1,KIPP 07214-203 DIN985 M3,Steel+nylon,0.0006684598402179003,Own nominal maximum hex envelope; nylon mass is conservatively represented as steel,https://uk.c.misumi-ec.com/book/EPE1_ENG_09_10_24/pdf/1738.pdf,cad/exports/manual_wing_service/wing_hinge_left_0_retention_nut.step,cad/exports/manual_wing_service/wing_hinge_left_0_retention_nut.stl,False
wing_hinge_left_1_shoulder_screw,1,MISUMI MSB4.5-10,SCM435,0.002238781834188124,"Own nominal purchased envelope, tolerances/price/delivery unqualified",https://sg.misumi-ec.com/vona2/detail/110300249140/?HissuCode=MSB4.5-10,cad/exports/manual_wing_service/wing_hinge_left_1_shoulder_screw.step,cad/exports/manual_wing_service/wing_hinge_left_1_shoulder_screw.stl,False
wing_hinge_left_1_m3_washer,1,M3 plain washer OD7 ID3.2 t0.5mm,Steel,0.00011948497879214389,Nominal purchased envelope; confirm actual selected lot dimensions,,cad/exports/manual_wing_service/wing_hinge_left_1_m3_washer.step,cad/exports/manual_wing_service/wing_hinge_left_1_m3_washer.stl,False
wing_hinge_left_1_retention_nut,1,KIPP 07214-203 DIN985 M3,Steel+nylon,0.0006684598402179003,Own nominal maximum hex envelope; nylon mass is conservatively represented as steel,https://uk.c.misumi-ec.com/book/EPE1_ENG_09_10_24/pdf/1738.pdf,cad/exports/manual_wing_service/wing_hinge_left_1_retention_nut.step,cad/exports/manual_wing_service/wing_hinge_left_1_retention_nut.stl,False
wing_closure_left_thumb_screw,1,Elesa+Ganter DIN653-M3-8 blackened steel,Steel,0.0026634422517134264,"Own nominal full-volume envelope, steel7850kg/m3; catalog rounded mass is not substituted",https://www.elesa-ganter.com/siteassets/PDF/EN/DIN%20653.pdf,cad/exports/manual_wing_service/wing_closure_left_thumb_screw.step,cad/exports/manual_wing_service/wing_closure_left_thumb_screw.stl,False
wing_closure_left_m3_washer,1,M3 plain washer OD7 ID3.2 t0.5mm,Steel,0.00011948497879214412,Nominal purchased envelope; confirm actual selected lot dimensions,,cad/exports/manual_wing_service/wing_closure_left_m3_washer.step,cad/exports/manual_wing_service/wing_closure_left_m3_washer.stl,False
wing_closure_left_m3_insert,1,Ruthex RX-M3x5.7,Brass,0.0005673633865576007,Own nominal maximum-OD envelope; heat setting unqualified,https://www.ruthex.de/products/ruthex-gewindeeinsatz-m3-100-stuck-rx-m3x5-7,cad/exports/manual_wing_service/wing_closure_left_m3_insert.step,cad/exports/manual_wing_service/wing_closure_left_m3_insert.stl,False
torso_manual_shell_left_aft,1,Self-designed PETG print candidate,PETG,0.08661044921212557,"Full-density native CAD estimate, print unqualified",,cad/exports/manual_wing_service/torso_manual_shell_left_aft.step,cad/exports/manual_wing_service/torso_manual_shell_left_aft.stl,False
torso_manual_shell_left_fore,1,Self-designed PETG print candidate,PETG,0.09260513807345563,"Full-density native CAD estimate, print unqualified",,cad/exports/manual_wing_service/torso_manual_shell_left_fore.step,cad/exports/manual_wing_service/torso_manual_shell_left_fore.stl,False
wing_manual_door_left,1,Self-designed PETG print candidate,PETG,0.034177869298511,"Full-density native CAD estimate, print unqualified",,cad/exports/manual_wing_service/wing_manual_door_left.step,cad/exports/manual_wing_service/wing_manual_door_left.stl,False
