fastener_id,ledger_mass_item,source,assembly,role,rigid_body,anchor_part,thread,length_mm,count,clearance_stack_mm,washer_stack_mm,clamped_stack_mm,engagement_mm,minimum_engagement_mm,maximum_insertion_mm,max_engagement_mm,mass_upper_estimate_kg,mass_basis,length_geometry_screen,shared_case_bolt,released,sku,sku_status,stack_status,engagement_status,price_status,process_status,load_basis_status,notes
robots/Goose_V0.1/evidence/body_bay_mechanical_parameters.json:ankle_fasteners:left:front_foot_to_plate:left_foot_front_saddle,left_ankle_front_foot_to_plate_fastener_bound,robots/Goose_V0.1/evidence/body_bay_mechanical_parameters.json:ankle_fasteners,left,front_foot_to_plate,left_ankle_roll,left_foot_front_saddle,M3,8,4,,0.5,4,3.5,,,4,0.005804824418595428,conservative full steel screw/head/washer upper mass; anchor COM approximation,,,false,,unresolved,sourced,sourced,unresolved,unresolved,unresolved,
robots/Goose_V0.1/evidence/body_bay_mechanical_parameters.json:ankle_fasteners:left:pitch_bridge:left_ankle_pitch_bridge,left_ankle_pitch_bridge_fastener_bound,robots/Goose_V0.1/evidence/body_bay_mechanical_parameters.json:ankle_fasteners,left,pitch_bridge,left_ankle_pitch,left_ankle_pitch_bridge,M3,12,4,,0.5,5.5,6.0,,,8,0.0066926385024999036,conservative full steel screw/head/washer upper mass; anchor COM approximation,,,false,,unresolved,sourced,sourced,unresolved,unresolved,unresolved,
robots/Goose_V0.1/evidence/body_bay_mechanical_parameters.json:ankle_fasteners:left:pitch_fork:left_ankle_cross_axis_carrier,left_ankle_pitch_fork_fastener_bound,robots/Goose_V0.1/evidence/body_bay_mechanical_parameters.json:ankle_fasteners,left,pitch_fork,left_ankle_pitch,left_ankle_cross_axis_carrier,M3,10,3,,1,5.5,3.5,,,17,0.005045003531787182,conservative full steel screw/head/washer upper mass; anchor COM approximation,,,false,,unresolved,sourced,sourced,unresolved,unresolved,unresolved,
robots/Goose_V0.1/evidence/body_bay_mechanical_parameters.json:ankle_fasteners:left:pitch_outer_race_retainer:left_ankle_pitch_bearing_cover,left_ankle_pitch_outer_race_retainer_fastener_bound,robots/Goose_V0.1/evidence/body_bay_mechanical_parameters.json:ankle_fasteners,left,pitch_outer_race_retainer,left_ankle_pitch,left_ankle_pitch_bearing_cover,M2.5,5,3,,0.5,1,3.5,,,5.5,0.002230725366443735,conservative full steel screw/head/washer upper mass; anchor COM approximation,,,false,,unresolved,sourced,sourced,unresolved,unresolved,unresolved,
robots/Goose_V0.1/evidence/body_bay_mechanical_parameters.json:ankle_fasteners:left:pitch_output:left_ankle_pitch_output_adapter,left_ankle_pitch_output_fastener_bound,robots/Goose_V0.1/evidence/body_bay_mechanical_parameters.json:ankle_fasteners,left,pitch_output,left_ankle_pitch,left_ankle_pitch_output_adapter,M3,22,6,,1,17,4,,,4.5,0.014085170441144504,conservative full steel screw/head/washer upper mass; anchor COM approximation,,,false,,unresolved,sourced,sourced,unresolved,unresolved,unresolved,
robots/Goose_V0.1/evidence/body_bay_mechanical_parameters.json:ankle_fasteners:left:pitch_shaft_retainer:left_ankle_pitch_shaft_washer,left_ankle_pitch_shaft_retainer_fastener_bound,robots/Goose_V0.1/evidence/body_bay_mechanical_parameters.json:ankle_fasteners,left,pitch_shaft_retainer,left_knee_pitch,left_ankle_pitch_shaft_washer,M3,6,1,,0.5,0.5,5.0,,,8,0.0013402293441607976,conservative full steel screw/head/washer upper mass; anchor COM approximation,,,false,,unresolved,sourced,sourced,unresolved,unresolved,unresolved,
robots/Goose_V0.1/evidence/body_bay_mechanical_parameters.json:ankle_fasteners:left:rear_foot_to_plate:left_foot_rear_saddle,left_ankle_rear_foot_to_plate_fastener_bound,robots/Goose_V0.1/evidence/body_bay_mechanical_parameters.json:ankle_fasteners,left,rear_foot_to_plate,left_ankle_roll,left_foot_rear_saddle,M3,8,4,,0.5,4,3.5,,,4,0.005804824418595428,conservative full steel screw/head/washer upper mass; anchor COM approximation,,,false,,unresolved,sourced,sourced,unresolved,unresolved,unresolved,
robots/Goose_V0.1/evidence/body_bay_mechanical_parameters.json:ankle_fasteners:left:roll_case_front:left_ankle_cross_axis_carrier,left_ankle_roll_case_front_fastener_bound,robots/Goose_V0.1/evidence/body_bay_mechanical_parameters.json:ankle_fasteners,left,roll_case_front,left_ankle_pitch,left_ankle_cross_axis_carrier,M2.5,8,6,,1,4,3,,,5,0.005686079284873206,conservative full steel screw/head/washer upper mass; anchor COM approximation,,,false,,unresolved,sourced,sourced,unresolved,unresolved,unresolved,
robots/Goose_V0.1/evidence/body_bay_mechanical_parameters.json:ankle_fasteners:left:roll_front_saddle:left_foot_front_saddle,left_ankle_roll_front_saddle_fastener_bound,robots/Goose_V0.1/evidence/body_bay_mechanical_parameters.json:ankle_fasteners,left,roll_front_saddle,left_ankle_roll,left_foot_front_saddle,M3,10,3,,1,5.5,3.5,,,4,0.005045003531787182,conservative full steel screw/head/washer upper mass; anchor COM approximation,,,false,,unresolved,sourced,sourced,unresolved,unresolved,unresolved,
robots/Goose_V0.1/evidence/body_bay_mechanical_parameters.json:ankle_fasteners:left:roll_outer_race_retainer:left_ankle_roll_bearing_cover,left_ankle_roll_outer_race_retainer_fastener_bound,robots/Goose_V0.1/evidence/body_bay_mechanical_parameters.json:ankle_fasteners,left,roll_outer_race_retainer,left_ankle_roll,left_ankle_roll_bearing_cover,M2.5,5,3,,0.5,1,3.5,,,5.5,0.002230725366443735,conservative full steel screw/head/washer upper mass; anchor COM approximation,,,false,,unresolved,sourced,sourced,unresolved,unresolved,unresolved,
robots/Goose_V0.1/evidence/body_bay_mechanical_parameters.json:ankle_fasteners:left:roll_output:left_ankle_roll_output_adapter,left_ankle_roll_output_fastener_bound,robots/Goose_V0.1/evidence/body_bay_mechanical_parameters.json:ankle_fasteners,left,roll_output,left_ankle_roll,left_ankle_roll_output_adapter,M2.5,10,3,,1,4,5,,,6,0.003074241226786727,conservative full steel screw/head/washer upper mass; anchor COM approximation,,,false,,unresolved,sourced,sourced,unresolved,unresolved,unresolved,
robots/Goose_V0.1/evidence/body_bay_mechanical_parameters.json:ankle_fasteners:left:roll_rear_case:left_ankle_roll_stationary_spider,left_ankle_roll_rear_case_fastener_bound,robots/Goose_V0.1/evidence/body_bay_mechanical_parameters.json:ankle_fasteners,left,roll_rear_case,left_ankle_pitch,left_ankle_roll_stationary_spider,M2.5,6,4,,0.5,2,3.5,,,5,0.003128434878158395,conservative full steel screw/head/washer upper mass; anchor COM approximation,,,false,,unresolved,sourced,sourced,unresolved,unresolved,unresolved,
robots/Goose_V0.1/evidence/body_bay_mechanical_parameters.json:ankle_fasteners:left:roll_shaft_retainer:left_ankle_roll_shaft_washer,left_ankle_roll_shaft_retainer_fastener_bound,robots/Goose_V0.1/evidence/body_bay_mechanical_parameters.json:ankle_fasteners,left,roll_shaft_retainer,left_ankle_pitch,left_ankle_roll_shaft_washer,M3,6,1,,0.5,0.5,5.0,,,8,0.0013402293441607976,conservative full steel screw/head/washer upper mass; anchor COM approximation,,,false,,unresolved,sourced,sourced,unresolved,unresolved,unresolved,
robots/Goose_V0.1/evidence/body_bay_mechanical_parameters.json:ankle_fasteners:neck_root:cradle_base:neck_yaw_output_adapter,neck_root_ankle_cradle_base_fastener_bound,robots/Goose_V0.1/evidence/body_bay_mechanical_parameters.json:ankle_fasteners,neck_root,cradle_base,neck_yaw,neck_yaw_output_adapter,M3,10,3,,1,5.5,3.5,,,4,0.005045003531787182,conservative full steel screw/head/washer upper mass; anchor COM approximation,,,false,,unresolved,sourced,sourced,unresolved,unresolved,unresolved,
robots/Goose_V0.1/evidence/body_bay_mechanical_parameters.json:ankle_fasteners:neck_root:pitch_case:neck_yaw_to_pitch_front_cradle,neck_root_ankle_pitch_case_fastener_bound,robots/Goose_V0.1/evidence/body_bay_mechanical_parameters.json:ankle_fasteners,neck_root,pitch_case,neck_yaw,neck_yaw_to_pitch_front_cradle,M3,8,6,,1,4,3,,,4,0.009424146500646007,conservative full steel screw/head/washer upper mass; anchor COM approximation,,,false,,unresolved,sourced,sourced,unresolved,unresolved,unresolved,
robots/Goose_V0.1/evidence/body_bay_mechanical_parameters.json:ankle_fasteners:neck_root:yaw_output:neck_yaw_output_adapter,neck_root_ankle_yaw_output_fastener_bound,robots/Goose_V0.1/evidence/body_bay_mechanical_parameters.json:ankle_fasteners,neck_root,yaw_output,neck_yaw,neck_yaw_output_adapter,M2.5,8,3,,1.5,4,2.5,,,3,0.0031085515419042847,conservative full steel screw/head/washer upper mass; anchor COM approximation,,,false,,unresolved,sourced,sourced,unresolved,unresolved,unresolved,
robots/Goose_V0.1/evidence/body_bay_mechanical_parameters.json:ankle_fasteners:right:front_foot_to_plate:right_foot_front_saddle,right_ankle_front_foot_to_plate_fastener_bound,robots/Goose_V0.1/evidence/body_bay_mechanical_parameters.json:ankle_fasteners,right,front_foot_to_plate,right_ankle_roll,right_foot_front_saddle,M3,8,4,,0.5,4,3.5,,,4,0.005804824418595428,conservative full steel screw/head/washer upper mass; anchor COM approximation,,,false,,unresolved,sourced,sourced,unresolved,unresolved,unresolved,
robots/Goose_V0.1/evidence/body_bay_mechanical_parameters.json:ankle_fasteners:right:pitch_bridge:right_ankle_pitch_bridge,right_ankle_pitch_bridge_fastener_bound,robots/Goose_V0.1/evidence/body_bay_mechanical_parameters.json:ankle_fasteners,right,pitch_bridge,right_ankle_pitch,right_ankle_pitch_bridge,M3,12,4,,0.5,5.5,6.0,,,8,0.0066926385024999036,conservative full steel screw/head/washer upper mass; anchor COM approximation,,,false,,unresolved,sourced,sourced,unresolved,unresolved,unresolved,
robots/Goose_V0.1/evidence/body_bay_mechanical_parameters.json:ankle_fasteners:right:pitch_fork:right_ankle_cross_axis_carrier,right_ankle_pitch_fork_fastener_bound,robots/Goose_V0.1/evidence/body_bay_mechanical_parameters.json:ankle_fasteners,right,pitch_fork,right_ankle_pitch,right_ankle_cross_axis_carrier,M3,10,3,,1,5.5,3.5,,,17,0.005045003531787182,conservative full steel screw/head/washer upper mass; anchor COM approximation,,,false,,unresolved,sourced,sourced,unresolved,unresolved,unresolved,
robots/Goose_V0.1/evidence/body_bay_mechanical_parameters.json:ankle_fasteners:right:pitch_outer_race_retainer:right_ankle_pitch_bearing_cover,right_ankle_pitch_outer_race_retainer_fastener_bound,robots/Goose_V0.1/evidence/body_bay_mechanical_parameters.json:ankle_fasteners,right,pitch_outer_race_retainer,right_ankle_pitch,right_ankle_pitch_bearing_cover,M2.5,5,3,,0.5,1,3.5,,,5.5,0.002230725366443735,conservative full steel screw/head/washer upper mass; anchor COM approximation,,,false,,unresolved,sourced,sourced,unresolved,unresolved,unresolved,
robots/Goose_V0.1/evidence/body_bay_mechanical_parameters.json:ankle_fasteners:right:pitch_output:right_ankle_pitch_output_adapter,right_ankle_pitch_output_fastener_bound,robots/Goose_V0.1/evidence/body_bay_mechanical_parameters.json:ankle_fasteners,right,pitch_output,right_ankle_pitch,right_ankle_pitch_output_adapter,M3,22,6,,1,17,4,,,4.5,0.014085170441144504,conservative full steel screw/head/washer upper mass; anchor COM approximation,,,false,,unresolved,sourced,sourced,unresolved,unresolved,unresolved,
robots/Goose_V0.1/evidence/body_bay_mechanical_parameters.json:ankle_fasteners:right:pitch_shaft_retainer:right_ankle_pitch_shaft_washer,right_ankle_pitch_shaft_retainer_fastener_bound,robots/Goose_V0.1/evidence/body_bay_mechanical_parameters.json:ankle_fasteners,right,pitch_shaft_retainer,right_knee_pitch,right_ankle_pitch_shaft_washer,M3,6,1,,0.5,0.5,5.0,,,8,0.0013402293441607976,conservative full steel screw/head/washer upper mass; anchor COM approximation,,,false,,unresolved,sourced,sourced,unresolved,unresolved,unresolved,
robots/Goose_V0.1/evidence/body_bay_mechanical_parameters.json:ankle_fasteners:right:rear_foot_to_plate:right_foot_rear_saddle,right_ankle_rear_foot_to_plate_fastener_bound,robots/Goose_V0.1/evidence/body_bay_mechanical_parameters.json:ankle_fasteners,right,rear_foot_to_plate,right_ankle_roll,right_foot_rear_saddle,M3,8,4,,0.5,4,3.5,,,4,0.005804824418595428,conservative full steel screw/head/washer upper mass; anchor COM approximation,,,false,,unresolved,sourced,sourced,unresolved,unresolved,unresolved,
robots/Goose_V0.1/evidence/body_bay_mechanical_parameters.json:ankle_fasteners:right:roll_case_front:right_ankle_cross_axis_carrier,right_ankle_roll_case_front_fastener_bound,robots/Goose_V0.1/evidence/body_bay_mechanical_parameters.json:ankle_fasteners,right,roll_case_front,right_ankle_pitch,right_ankle_cross_axis_carrier,M2.5,8,6,,1,4,3,,,5,0.005686079284873206,conservative full steel screw/head/washer upper mass; anchor COM approximation,,,false,,unresolved,sourced,sourced,unresolved,unresolved,unresolved,
robots/Goose_V0.1/evidence/body_bay_mechanical_parameters.json:ankle_fasteners:right:roll_front_saddle:right_foot_front_saddle,right_ankle_roll_front_saddle_fastener_bound,robots/Goose_V0.1/evidence/body_bay_mechanical_parameters.json:ankle_fasteners,right,roll_front_saddle,right_ankle_roll,right_foot_front_saddle,M3,10,3,,1,5.5,3.5,,,4,0.005045003531787182,conservative full steel screw/head/washer upper mass; anchor COM approximation,,,false,,unresolved,sourced,sourced,unresolved,unresolved,unresolved,
robots/Goose_V0.1/evidence/body_bay_mechanical_parameters.json:ankle_fasteners:right:roll_outer_race_retainer:right_ankle_roll_bearing_cover,right_ankle_roll_outer_race_retainer_fastener_bound,robots/Goose_V0.1/evidence/body_bay_mechanical_parameters.json:ankle_fasteners,right,roll_outer_race_retainer,right_ankle_roll,right_ankle_roll_bearing_cover,M2.5,5,3,,0.5,1,3.5,,,5.5,0.002230725366443735,conservative full steel screw/head/washer upper mass; anchor COM approximation,,,false,,unresolved,sourced,sourced,unresolved,unresolved,unresolved,
robots/Goose_V0.1/evidence/body_bay_mechanical_parameters.json:ankle_fasteners:right:roll_output:right_ankle_roll_output_adapter,right_ankle_roll_output_fastener_bound,robots/Goose_V0.1/evidence/body_bay_mechanical_parameters.json:ankle_fasteners,right,roll_output,right_ankle_roll,right_ankle_roll_output_adapter,M2.5,10,3,,1,4,5,,,6,0.003074241226786727,conservative full steel screw/head/washer upper mass; anchor COM approximation,,,false,,unresolved,sourced,sourced,unresolved,unresolved,unresolved,
robots/Goose_V0.1/evidence/body_bay_mechanical_parameters.json:ankle_fasteners:right:roll_rear_case:right_ankle_roll_stationary_spider,right_ankle_roll_rear_case_fastener_bound,robots/Goose_V0.1/evidence/body_bay_mechanical_parameters.json:ankle_fasteners,right,roll_rear_case,right_ankle_pitch,right_ankle_roll_stationary_spider,M2.5,6,4,,0.5,2,3.5,,,5,0.003128434878158395,conservative full steel screw/head/washer upper mass; anchor COM approximation,,,false,,unresolved,sourced,sourced,unresolved,unresolved,unresolved,
robots/Goose_V0.1/evidence/body_bay_mechanical_parameters.json:ankle_fasteners:right:roll_shaft_retainer:right_ankle_roll_shaft_washer,right_ankle_roll_shaft_retainer_fastener_bound,robots/Goose_V0.1/evidence/body_bay_mechanical_parameters.json:ankle_fasteners,right,roll_shaft_retainer,right_ankle_pitch,right_ankle_roll_shaft_washer,M3,6,1,,0.5,0.5,5.0,,,8,0.0013402293441607976,conservative full steel screw/head/washer upper mass; anchor COM approximation,,,false,,unresolved,sourced,sourced,unresolved,unresolved,unresolved,
robots/Goose_V0.1/evidence/body_bay_mechanical_parameters.json:new_frame_fasteners:left_battery_post_screw_0:left_battery_post_screw_0:left_battery_frame_post_0,left_battery_post_screw_0,robots/Goose_V0.1/evidence/body_bay_mechanical_parameters.json:new_frame_fasteners,,left_battery_post_screw_0,torso,left_battery_frame_post_0,M3,25,1,,,,,,,,0.0028951617276124944,full steel screw/head/washer/nut upper envelope; COM at anchor;30mm isotropic inertia approximation,,,false,,unresolved,unresolved,unresolved,unresolved,unresolved,unresolved,3mmplate+14.1mmpost+2.5mmrail+1mmwashers+2.4mmnut;2mm nominal protrusion; actual hardware sweep pending
robots/Goose_V0.1/evidence/body_bay_mechanical_parameters.json:new_frame_fasteners:left_battery_post_screw_1:left_battery_post_screw_1:left_battery_frame_post_1,left_battery_post_screw_1,robots/Goose_V0.1/evidence/body_bay_mechanical_parameters.json:new_frame_fasteners,,left_battery_post_screw_1,torso,left_battery_frame_post_1,M3,25,1,,,,,,,,0.0028951617276124944,full steel screw/head/washer/nut upper envelope; COM at anchor;30mm isotropic inertia approximation,,,false,,unresolved,unresolved,unresolved,unresolved,unresolved,unresolved,3mmplate+14.1mmpost+2.5mmrail+1mmwashers+2.4mmnut;2mm nominal protrusion; actual hardware sweep pending
robots/Goose_V0.1/evidence/body_bay_mechanical_parameters.json:new_frame_fasteners:left_roll_front_screws:left_roll_front_screws:left_hip_yaw_to_roll_u_carrier,left_roll_front_screws,robots/Goose_V0.1/evidence/body_bay_mechanical_parameters.json:new_frame_fasteners,,left_roll_front_screws,left_hip_yaw,left_hip_yaw_to_roll_u_carrier,M3,8,6,,,,,,,,0.009424146500646007,full steel screw/head/washer/nut upper envelope; COM at anchor;30mm isotropic inertia approximation,,,false,,unresolved,unresolved,unresolved,unresolved,unresolved,unresolved,4mm stator ring;3mm insertion<=4mm
robots/Goose_V0.1/evidence/body_bay_mechanical_parameters.json:new_frame_fasteners:left_yaw_output_screws:left_yaw_output_screws:left_hip_yaw_output_adapter,left_yaw_output_screws,robots/Goose_V0.1/evidence/body_bay_mechanical_parameters.json:new_frame_fasteners,,left_yaw_output_screws,left_hip_yaw,left_hip_yaw_output_adapter,M2.5,8,3,,,,,,,,0.0031085515419042847,full steel screw/head/washer/nut upper envelope; COM at anchor;30mm isotropic inertia approximation,,,false,,unresolved,unresolved,unresolved,unresolved,unresolved,unresolved,4mm adapter;2.5mm insertion<=3mm
robots/Goose_V0.1/evidence/body_bay_mechanical_parameters.json:new_frame_fasteners:left_yaw_rear_screws:left_yaw_rear_screws:torso_open_chassis_plate,left_yaw_rear_screws,robots/Goose_V0.1/evidence/body_bay_mechanical_parameters.json:new_frame_fasteners,,left_yaw_rear_screws,torso,torso_open_chassis_plate,M2.5,8,4,,,,,,,,0.003436703657291894,full steel screw/head/washer/nut upper envelope; COM at anchor;30mm isotropic inertia approximation,,,false,,unresolved,unresolved,unresolved,unresolved,unresolved,unresolved,3mm rear plate;4.5mm insertion<=5mm
robots/Goose_V0.1/evidence/body_bay_mechanical_parameters.json:new_frame_fasteners:left_yaw_u_top_screws:left_yaw_u_top_screws:left_hip_yaw_output_adapter,left_yaw_u_top_screws,robots/Goose_V0.1/evidence/body_bay_mechanical_parameters.json:new_frame_fasteners,,left_yaw_u_top_screws,left_hip_yaw,left_hip_yaw_output_adapter,M3,10,3,,,,,,,,0.005045003531787182,full steel screw/head/washer/nut upper envelope; COM at anchor;30mm isotropic inertia approximation,,,false,,unresolved,unresolved,unresolved,unresolved,unresolved,unresolved,5.5mm top;3.5mm insertion into4mm adapter
robots/Goose_V0.1/evidence/body_bay_mechanical_parameters.json:new_frame_fasteners:neck_frame_through_screw_0:neck_frame_through_screw_0:neck_frame_spacer_0,neck_frame_through_screw_0,robots/Goose_V0.1/evidence/body_bay_mechanical_parameters.json:new_frame_fasteners,,neck_frame_through_screw_0,torso,neck_frame_spacer_0,M3,16,1,,,,,,,,0.0023957663054162267,full steel screw/head/washer/nut upper envelope; COM at anchor;30mm isotropic inertia approximation,,,false,,unresolved,unresolved,unresolved,unresolved,unresolved,unresolved,3mmplate+4mmspacer+3mmplate+1mmwashers+2.4mmnut;2.6mm nominal protrusion
robots/Goose_V0.1/evidence/body_bay_mechanical_parameters.json:new_frame_fasteners:neck_frame_through_screw_1:neck_frame_through_screw_1:neck_frame_spacer_1,neck_frame_through_screw_1,robots/Goose_V0.1/evidence/body_bay_mechanical_parameters.json:new_frame_fasteners,,neck_frame_through_screw_1,torso,neck_frame_spacer_1,M3,16,1,,,,,,,,0.0023957663054162267,full steel screw/head/washer/nut upper envelope; COM at anchor;30mm isotropic inertia approximation,,,false,,unresolved,unresolved,unresolved,unresolved,unresolved,unresolved,3mmplate+4mmspacer+3mmplate+1mmwashers+2.4mmnut;2.6mm nominal protrusion
robots/Goose_V0.1/evidence/body_bay_mechanical_parameters.json:new_frame_fasteners:neck_frame_through_screw_2:neck_frame_through_screw_2:neck_frame_spacer_2,neck_frame_through_screw_2,robots/Goose_V0.1/evidence/body_bay_mechanical_parameters.json:new_frame_fasteners,,neck_frame_through_screw_2,torso,neck_frame_spacer_2,M3,16,1,,,,,,,,0.0023957663054162267,full steel screw/head/washer/nut upper envelope; COM at anchor;30mm isotropic inertia approximation,,,false,,unresolved,unresolved,unresolved,unresolved,unresolved,unresolved,3mmplate+4mmspacer+3mmplate+1mmwashers+2.4mmnut;2.6mm nominal protrusion
robots/Goose_V0.1/evidence/body_bay_mechanical_parameters.json:new_frame_fasteners:neck_frame_through_screw_3:neck_frame_through_screw_3:neck_frame_spacer_3,neck_frame_through_screw_3,robots/Goose_V0.1/evidence/body_bay_mechanical_parameters.json:new_frame_fasteners,,neck_frame_through_screw_3,torso,neck_frame_spacer_3,M3,16,1,,,,,,,,0.0023957663054162267,full steel screw/head/washer/nut upper envelope; COM at anchor;30mm isotropic inertia approximation,,,false,,unresolved,unresolved,unresolved,unresolved,unresolved,unresolved,3mmplate+4mmspacer+3mmplate+1mmwashers+2.4mmnut;2.6mm nominal protrusion
robots/Goose_V0.1/evidence/body_bay_mechanical_parameters.json:new_frame_fasteners:neck_yaw_rear_screws:neck_yaw_rear_screws:neck_yaw_rear_frame_plate,neck_yaw_rear_screws,robots/Goose_V0.1/evidence/body_bay_mechanical_parameters.json:new_frame_fasteners,,neck_yaw_rear_screws,torso,neck_yaw_rear_frame_plate,M2.5,8,4,,,,,,,,0.003436703657291894,full steel screw/head/washer/nut upper envelope; COM at anchor;30mm isotropic inertia approximation,,,false,,unresolved,unresolved,unresolved,unresolved,unresolved,unresolved,3mm rear plate;4.5mm insertion<=5mm
robots/Goose_V0.1/evidence/body_bay_mechanical_parameters.json:new_frame_fasteners:right_battery_post_screw_0:right_battery_post_screw_0:right_battery_frame_post_0,right_battery_post_screw_0,robots/Goose_V0.1/evidence/body_bay_mechanical_parameters.json:new_frame_fasteners,,right_battery_post_screw_0,torso,right_battery_frame_post_0,M3,25,1,,,,,,,,0.0028951617276124944,full steel screw/head/washer/nut upper envelope; COM at anchor;30mm isotropic inertia approximation,,,false,,unresolved,unresolved,unresolved,unresolved,unresolved,unresolved,3mmplate+14.1mmpost+2.5mmrail+1mmwashers+2.4mmnut;2mm nominal protrusion; actual hardware sweep pending
robots/Goose_V0.1/evidence/body_bay_mechanical_parameters.json:new_frame_fasteners:right_battery_post_screw_1:right_battery_post_screw_1:right_battery_frame_post_1,right_battery_post_screw_1,robots/Goose_V0.1/evidence/body_bay_mechanical_parameters.json:new_frame_fasteners,,right_battery_post_screw_1,torso,right_battery_frame_post_1,M3,25,1,,,,,,,,0.0028951617276124944,full steel screw/head/washer/nut upper envelope; COM at anchor;30mm isotropic inertia approximation,,,false,,unresolved,unresolved,unresolved,unresolved,unresolved,unresolved,3mmplate+14.1mmpost+2.5mmrail+1mmwashers+2.4mmnut;2mm nominal protrusion; actual hardware sweep pending
robots/Goose_V0.1/evidence/body_bay_mechanical_parameters.json:new_frame_fasteners:right_roll_front_screws:right_roll_front_screws:right_hip_yaw_to_roll_u_carrier,right_roll_front_screws,robots/Goose_V0.1/evidence/body_bay_mechanical_parameters.json:new_frame_fasteners,,right_roll_front_screws,right_hip_yaw,right_hip_yaw_to_roll_u_carrier,M3,8,6,,,,,,,,0.009424146500646007,full steel screw/head/washer/nut upper envelope; COM at anchor;30mm isotropic inertia approximation,,,false,,unresolved,unresolved,unresolved,unresolved,unresolved,unresolved,4mm stator ring;3mm insertion<=4mm
robots/Goose_V0.1/evidence/body_bay_mechanical_parameters.json:new_frame_fasteners:right_yaw_output_screws:right_yaw_output_screws:right_hip_yaw_output_adapter,right_yaw_output_screws,robots/Goose_V0.1/evidence/body_bay_mechanical_parameters.json:new_frame_fasteners,,right_yaw_output_screws,right_hip_yaw,right_hip_yaw_output_adapter,M2.5,8,3,,,,,,,,0.0031085515419042847,full steel screw/head/washer/nut upper envelope; COM at anchor;30mm isotropic inertia approximation,,,false,,unresolved,unresolved,unresolved,unresolved,unresolved,unresolved,4mm adapter;2.5mm insertion<=3mm
robots/Goose_V0.1/evidence/body_bay_mechanical_parameters.json:new_frame_fasteners:right_yaw_rear_screws:right_yaw_rear_screws:torso_open_chassis_plate,right_yaw_rear_screws,robots/Goose_V0.1/evidence/body_bay_mechanical_parameters.json:new_frame_fasteners,,right_yaw_rear_screws,torso,torso_open_chassis_plate,M2.5,8,4,,,,,,,,0.003436703657291894,full steel screw/head/washer/nut upper envelope; COM at anchor;30mm isotropic inertia approximation,,,false,,unresolved,unresolved,unresolved,unresolved,unresolved,unresolved,3mm rear plate;4.5mm insertion<=5mm
robots/Goose_V0.1/evidence/body_bay_mechanical_parameters.json:new_frame_fasteners:right_yaw_u_top_screws:right_yaw_u_top_screws:right_hip_yaw_output_adapter,right_yaw_u_top_screws,robots/Goose_V0.1/evidence/body_bay_mechanical_parameters.json:new_frame_fasteners,,right_yaw_u_top_screws,right_hip_yaw,right_hip_yaw_output_adapter,M3,10,3,,,,,,,,0.005045003531787182,full steel screw/head/washer/nut upper envelope; COM at anchor;30mm isotropic inertia approximation,,,false,,unresolved,unresolved,unresolved,unresolved,unresolved,unresolved,5.5mm top;3.5mm insertion into4mm adapter
robots/Goose_V0.1/hardware/hip_roll_carrier_fasteners.json:left_hip_roll_to_pitch:arm_to_adapter:left_hip_roll_carrier_arm,left_hip_roll_to_pitch_arm_to_adapter_fastener_bound,robots/Goose_V0.1/hardware/hip_roll_carrier_fasteners.json,left_hip_roll_to_pitch,arm_to_adapter,left_hip_roll,left_hip_roll_carrier_arm,M3,10.0,3,5.5;1.0,1.0,,3.5,3.0,4.0,,0.005045003531787182,same-thickness roll carrier screw stack; current native anchor; conservative steel mass bound,true,,false,,unresolved,sourced,sourced,unresolved,unresolved,unresolved,
robots/Goose_V0.1/hardware/hip_roll_carrier_fasteners.json:left_hip_roll_to_pitch:arm_to_block:left_hip_roll_carrier_arm,left_hip_roll_to_pitch_arm_to_block_fastener_bound,robots/Goose_V0.1/hardware/hip_roll_carrier_fasteners.json,left_hip_roll_to_pitch,arm_to_block,left_hip_roll,left_hip_roll_carrier_arm,M3,12.0,2,5.5;0.5,0.5,,6.0,5.0,8.0,,0.0033463192512499518,same-thickness roll carrier screw stack; current native anchor; conservative steel mass bound,true,,false,,unresolved,sourced,sourced,unresolved,unresolved,unresolved,
robots/Goose_V0.1/hardware/hip_roll_carrier_fasteners.json:left_hip_roll_to_pitch:case_plate_to_block:left_hip_pitch_static_front_carrier,left_hip_roll_to_pitch_case_plate_to_block_fastener_bound,robots/Goose_V0.1/hardware/hip_roll_carrier_fasteners.json,left_hip_roll_to_pitch,case_plate_to_block,left_hip_roll,left_hip_pitch_static_front_carrier,M3,10.0,2,4.0;0.5,0.5,,5.5,5.0,6.0,,0.003124365730273833,same-thickness roll carrier screw stack; current native anchor; conservative steel mass bound,true,,false,,unresolved,sourced,sourced,unresolved,unresolved,unresolved,
robots/Goose_V0.1/hardware/hip_roll_carrier_fasteners.json:left_hip_roll_to_pitch:case_plate_to_stator:left_hip_pitch_static_front_carrier,left_hip_roll_to_pitch_case_plate_to_stator_fastener_bound,robots/Goose_V0.1/hardware/hip_roll_carrier_fasteners.json,left_hip_roll_to_pitch,case_plate_to_stator,left_hip_roll,left_hip_pitch_static_front_carrier,M3,8.0,6,4.0;1.0,1.0,,3.0,3.0,4.0,,0.009424146500646007,same-thickness roll carrier screw stack; current native anchor; conservative steel mass bound,true,,false,,unresolved,sourced,sourced,unresolved,unresolved,unresolved,
robots/Goose_V0.1/hardware/hip_roll_carrier_fasteners.json:left_hip_roll_to_pitch:output_to_motor:left_hip_roll_output_adapter,left_hip_roll_to_pitch_output_to_motor_fastener_bound,robots/Goose_V0.1/hardware/hip_roll_carrier_fasteners.json,left_hip_roll_to_pitch,output_to_motor,left_hip_roll,left_hip_roll_output_adapter,M3,8.0,6,4.0;0.5,0.5,,3.5,3.0,4.5,,0.008707236627893142,same-thickness roll carrier screw stack; current native anchor; conservative steel mass bound,true,,false,,unresolved,sourced,sourced,unresolved,unresolved,unresolved,
robots/Goose_V0.1/hardware/hip_roll_carrier_fasteners.json:right_hip_roll_to_pitch:arm_to_adapter:right_hip_roll_carrier_arm,right_hip_roll_to_pitch_arm_to_adapter_fastener_bound,robots/Goose_V0.1/hardware/hip_roll_carrier_fasteners.json,right_hip_roll_to_pitch,arm_to_adapter,right_hip_roll,right_hip_roll_carrier_arm,M3,10.0,3,5.5;1.0,1.0,,3.5,3.0,4.0,,0.005045003531787182,same-thickness roll carrier screw stack; current native anchor; conservative steel mass bound,true,,false,,unresolved,sourced,sourced,unresolved,unresolved,unresolved,
robots/Goose_V0.1/hardware/hip_roll_carrier_fasteners.json:right_hip_roll_to_pitch:arm_to_block:right_hip_roll_carrier_arm,right_hip_roll_to_pitch_arm_to_block_fastener_bound,robots/Goose_V0.1/hardware/hip_roll_carrier_fasteners.json,right_hip_roll_to_pitch,arm_to_block,right_hip_roll,right_hip_roll_carrier_arm,M3,12.0,2,5.5;0.5,0.5,,6.0,5.0,8.0,,0.0033463192512499518,same-thickness roll carrier screw stack; current native anchor; conservative steel mass bound,true,,false,,unresolved,sourced,sourced,unresolved,unresolved,unresolved,
robots/Goose_V0.1/hardware/hip_roll_carrier_fasteners.json:right_hip_roll_to_pitch:case_plate_to_block:right_hip_pitch_static_front_carrier,right_hip_roll_to_pitch_case_plate_to_block_fastener_bound,robots/Goose_V0.1/hardware/hip_roll_carrier_fasteners.json,right_hip_roll_to_pitch,case_plate_to_block,right_hip_roll,right_hip_pitch_static_front_carrier,M3,10.0,2,4.0;0.5,0.5,,5.5,5.0,6.0,,0.003124365730273833,same-thickness roll carrier screw stack; current native anchor; conservative steel mass bound,true,,false,,unresolved,sourced,sourced,unresolved,unresolved,unresolved,
robots/Goose_V0.1/hardware/hip_roll_carrier_fasteners.json:right_hip_roll_to_pitch:case_plate_to_stator:right_hip_pitch_static_front_carrier,right_hip_roll_to_pitch_case_plate_to_stator_fastener_bound,robots/Goose_V0.1/hardware/hip_roll_carrier_fasteners.json,right_hip_roll_to_pitch,case_plate_to_stator,right_hip_roll,right_hip_pitch_static_front_carrier,M3,8.0,6,4.0;1.0,1.0,,3.0,3.0,4.0,,0.009424146500646007,same-thickness roll carrier screw stack; current native anchor; conservative steel mass bound,true,,false,,unresolved,sourced,sourced,unresolved,unresolved,unresolved,
robots/Goose_V0.1/hardware/hip_roll_carrier_fasteners.json:right_hip_roll_to_pitch:output_to_motor:right_hip_roll_output_adapter,right_hip_roll_to_pitch_output_to_motor_fastener_bound,robots/Goose_V0.1/hardware/hip_roll_carrier_fasteners.json,right_hip_roll_to_pitch,output_to_motor,right_hip_roll,right_hip_roll_output_adapter,M3,8.0,6,4.0;0.5,0.5,,3.5,3.0,4.5,,0.008707236627893142,same-thickness roll carrier screw stack; current native anchor; conservative steel mass bound,true,,false,,unresolved,sourced,sourced,unresolved,unresolved,unresolved,
robots/Goose_V0.1/hardware/native_pitch_fastener_stacks.json:left_shin:bridge:left_shin_bridge,left_shin_bridge_fastener_mass_bound,robots/Goose_V0.1/hardware/native_pitch_fastener_stacks.json,left_shin,bridge,left_knee_pitch,left_shin_bridge,M3,12,4,5.5;0.5,,,6.0,5,8,,0.006692638502499904,unchanged same-thickness fork screw stack; relocated actual native anchor; conservative steel mass bound,true,false,false,,unresolved,sourced,sourced,unresolved,unresolved,unresolved,
robots/Goose_V0.1/hardware/native_pitch_fastener_stacks.json:left_shin:distal_front_case:left_shin_output_fork_plate,left_shin_distal_front_case_fastener_mass_bound,robots/Goose_V0.1/hardware/native_pitch_fastener_stacks.json,left_shin,distal_front_case,left_knee_pitch,left_shin_output_fork_plate,M3,20,6,11.5;5.5;0.0,,,3.0,3.0,4,,0.011985490132710419,unchanged same-thickness fork screw stack; relocated actual native anchor; conservative steel mass bound,true,false,false,,unresolved,sourced,sourced,unresolved,unresolved,unresolved,
robots/Goose_V0.1/hardware/native_pitch_fastener_stacks.json:left_shin:distal_rear_case:left_shin_idler_fork_plate,left_shin_distal_rear_case_fastener_mass_bound,robots/Goose_V0.1/hardware/native_pitch_fastener_stacks.json,left_shin,distal_rear_case,left_knee_pitch,left_shin_idler_fork_plate,M3,25,4,14.5;5.5;0.5,,,4.5,4.0,5,,0.00957803427518945,unchanged same-thickness fork screw stack; relocated actual native anchor; conservative steel mass bound,true,false,false,,unresolved,sourced,sourced,unresolved,unresolved,unresolved,
robots/Goose_V0.1/hardware/native_pitch_fastener_stacks.json:left_shin:fork_to_adapter:left_shin_output_fork_plate,left_shin_fork_to_adapter_fastener_mass_bound,robots/Goose_V0.1/hardware/native_pitch_fastener_stacks.json,left_shin,fork_to_adapter,left_knee_pitch,left_shin_output_fork_plate,M3,10,3,5.5;1.0,,,3.5,3.0,10.5,,0.005045003531787182,unchanged same-thickness fork screw stack; relocated actual native anchor; conservative steel mass bound,true,false,false,,unresolved,sourced,sourced,unresolved,unresolved,unresolved,
robots/Goose_V0.1/hardware/native_pitch_fastener_stacks.json:left_shin:outer_race_cover:left_shin_bearing_outer_retainer,left_shin_outer_race_cover_fastener_mass_bound,robots/Goose_V0.1/hardware/native_pitch_fastener_stacks.json,left_shin,outer_race_cover,left_knee_pitch,left_shin_bearing_outer_retainer,M2.5,5,3,1.0;0.5,,,3.5,3,5.5,,0.0022307253664437345,unchanged same-thickness fork screw stack; relocated actual native anchor; conservative steel mass bound,true,false,false,,unresolved,sourced,sourced,unresolved,unresolved,unresolved,
robots/Goose_V0.1/hardware/native_pitch_fastener_stacks.json:left_shin:output_to_motor:left_shin_output_adapter,left_shin_output_to_motor_fastener_mass_bound,robots/Goose_V0.1/hardware/native_pitch_fastener_stacks.json,left_shin,output_to_motor,left_knee_pitch,left_shin_output_adapter,M3,16,6,10.5;1.5,,,4.0,3.0,4.5,,0.0128044986251123,unchanged same-thickness fork screw stack; relocated actual native anchor; conservative steel mass bound,true,false,false,,unresolved,sourced,sourced,unresolved,unresolved,unresolved,
robots/Goose_V0.1/hardware/native_pitch_fastener_stacks.json:left_shin:shaft_end:left_shin_stationary_idler_spider,left_shin_shaft_end_fastener_mass_bound,robots/Goose_V0.1/hardware/native_pitch_fastener_stacks.json,left_shin,shaft_end,left_hip_pitch,left_shin_stationary_idler_spider,M3,6,1,0.5,,,5.5,5,8,,0.001220744365368654,unchanged same-thickness fork screw stack; relocated actual native anchor; conservative steel mass bound,true,false,false,,unresolved,sourced,sourced,unresolved,unresolved,unresolved,
robots/Goose_V0.1/hardware/native_pitch_fastener_stacks.json:left_thigh:bridge:left_thigh_bridge,left_thigh_bridge_fastener_mass_bound,robots/Goose_V0.1/hardware/native_pitch_fastener_stacks.json,left_thigh,bridge,left_hip_pitch,left_thigh_bridge,M3,12,4,5.5;0.5,,,6.0,5,8,,0.006692638502499904,unchanged same-thickness fork screw stack; relocated actual native anchor; conservative steel mass bound,true,false,false,,unresolved,sourced,sourced,unresolved,unresolved,unresolved,
robots/Goose_V0.1/hardware/native_pitch_fastener_stacks.json:left_thigh:distal_front_case:left_thigh_output_fork_plate,left_thigh_distal_front_case_fastener_mass_bound,robots/Goose_V0.1/hardware/native_pitch_fastener_stacks.json,left_thigh,distal_front_case,left_hip_pitch,left_thigh_output_fork_plate,M3,16,6,5.0;5.5;2.5,,,3.0,3.0,4,,0.014238318370618026,unchanged same-thickness fork screw stack; relocated actual native anchor; conservative steel mass bound,true,false,false,,unresolved,sourced,sourced,unresolved,unresolved,unresolved,
robots/Goose_V0.1/hardware/native_pitch_fastener_stacks.json:left_thigh:distal_rear_case:left_thigh_idler_fork_plate,left_thigh_distal_rear_case_fastener_mass_bound,robots/Goose_V0.1/hardware/native_pitch_fastener_stacks.json,left_thigh,distal_rear_case,left_hip_pitch,left_thigh_idler_fork_plate,M3,20,4,8.0;5.5;2.5,,,4.0,4.0,5,,0.010380026330983158,unchanged same-thickness fork screw stack; relocated actual native anchor; conservative steel mass bound,true,true,false,,unresolved,sourced,sourced,unresolved,unresolved,unresolved,
robots/Goose_V0.1/hardware/native_pitch_fastener_stacks.json:left_thigh:fork_to_adapter:left_thigh_output_fork_plate,left_thigh_fork_to_adapter_fastener_mass_bound,robots/Goose_V0.1/hardware/native_pitch_fastener_stacks.json,left_thigh,fork_to_adapter,left_hip_pitch,left_thigh_output_fork_plate,M3,10,3,5.5;1.0,,,3.5,3.0,4.0,,0.005045003531787182,unchanged same-thickness fork screw stack; relocated actual native anchor; conservative steel mass bound,true,false,false,,unresolved,sourced,sourced,unresolved,unresolved,unresolved,
robots/Goose_V0.1/hardware/native_pitch_fastener_stacks.json:left_thigh:outer_race_cover:left_thigh_bearing_outer_retainer,left_thigh_outer_race_cover_fastener_mass_bound,robots/Goose_V0.1/hardware/native_pitch_fastener_stacks.json,left_thigh,outer_race_cover,left_hip_pitch,left_thigh_bearing_outer_retainer,M2.5,5,3,1.0;0.5,,,3.5,3,5.5,,0.0022307253664437345,unchanged same-thickness fork screw stack; relocated actual native anchor; conservative steel mass bound,true,false,false,,unresolved,sourced,sourced,unresolved,unresolved,unresolved,
robots/Goose_V0.1/hardware/native_pitch_fastener_stacks.json:left_thigh:output_to_motor:left_thigh_output_adapter,left_thigh_output_to_motor_fastener_mass_bound,robots/Goose_V0.1/hardware/native_pitch_fastener_stacks.json,left_thigh,output_to_motor,left_hip_pitch,left_thigh_output_adapter,M3,8,6,4.0;0.5,,,3.5,3.0,4.5,,0.008707236627893142,unchanged same-thickness fork screw stack; relocated actual native anchor; conservative steel mass bound,true,false,false,,unresolved,sourced,sourced,unresolved,unresolved,unresolved,
robots/Goose_V0.1/hardware/native_pitch_fastener_stacks.json:left_thigh:root_spider:left_thigh_stationary_idler_spider,left_thigh_root_spider_fastener_mass_bound,robots/Goose_V0.1/hardware/native_pitch_fastener_stacks.json,left_thigh,root_spider,left_hip_roll,left_thigh_stationary_idler_spider,M3,8,4,2.0;1.0;0.5,,,4.5,4,5,,0.005804824418595428,unchanged same-thickness fork screw stack; relocated actual native anchor; conservative steel mass bound,true,false,false,,unresolved,sourced,sourced,unresolved,unresolved,unresolved,
robots/Goose_V0.1/hardware/native_pitch_fastener_stacks.json:left_thigh:shaft_end:left_thigh_stationary_idler_spider,left_thigh_shaft_end_fastener_mass_bound,robots/Goose_V0.1/hardware/native_pitch_fastener_stacks.json,left_thigh,shaft_end,left_hip_roll,left_thigh_stationary_idler_spider,M3,6,1,0.5,,,5.5,5,8,,0.001220744365368654,unchanged same-thickness fork screw stack; relocated actual native anchor; conservative steel mass bound,true,false,false,,unresolved,sourced,sourced,unresolved,unresolved,unresolved,
robots/Goose_V0.1/hardware/native_pitch_fastener_stacks.json:lower_neck:bridge:lower_neck_bridge,lower_neck_bridge_fastener_mass_bound,robots/Goose_V0.1/hardware/native_pitch_fastener_stacks.json,lower_neck,bridge,neck_pitch,lower_neck_bridge,M3,12,4,5.5;0.5,,,6.0,5,8,,0.006692638502499904,"conservative full-cylinder screw/head/washer envelope at steel7850kg/m3; anchored to actual CAD part COM,30mm isotropic inertia approximation; not catalog weighing",true,false,false,,unresolved,sourced,sourced,unresolved,unresolved,unresolved,
robots/Goose_V0.1/hardware/native_pitch_fastener_stacks.json:lower_neck:distal_front_case:lower_neck_output_fork_plate,lower_neck_distal_front_case_fastener_mass_bound,robots/Goose_V0.1/hardware/native_pitch_fastener_stacks.json,lower_neck,distal_front_case,neck_pitch,lower_neck_output_fork_plate,M3,16,6,5.0;5.5;2.5,,,3.0,3.0,4,,0.014238318370618026,"conservative full-cylinder screw/head/washer envelope at steel7850kg/m3; anchored to actual CAD part COM,30mm isotropic inertia approximation; not catalog weighing",true,false,false,,unresolved,sourced,sourced,unresolved,unresolved,unresolved,
robots/Goose_V0.1/hardware/native_pitch_fastener_stacks.json:lower_neck:distal_rear_case:lower_neck_idler_fork_plate,lower_neck_distal_rear_case_fastener_mass_bound,robots/Goose_V0.1/hardware/native_pitch_fastener_stacks.json,lower_neck,distal_rear_case,neck_pitch,lower_neck_idler_fork_plate,M3,20,4,8.0;5.5;2.5,,,4.0,4.0,5,,0.010380026330983158,"conservative full-cylinder screw/head/washer envelope at steel7850kg/m3; anchored to actual CAD part COM,30mm isotropic inertia approximation; not catalog weighing",true,true,false,,unresolved,sourced,sourced,unresolved,unresolved,unresolved,
robots/Goose_V0.1/hardware/native_pitch_fastener_stacks.json:lower_neck:fork_to_adapter:lower_neck_output_fork_plate,lower_neck_fork_to_adapter_fastener_mass_bound,robots/Goose_V0.1/hardware/native_pitch_fastener_stacks.json,lower_neck,fork_to_adapter,neck_pitch,lower_neck_output_fork_plate,M3,10,3,5.5;1.0,,,3.5,3.0,4.0,,0.005045003531787182,"conservative full-cylinder screw/head/washer envelope at steel7850kg/m3; anchored to actual CAD part COM,30mm isotropic inertia approximation; not catalog weighing",true,false,false,,unresolved,sourced,sourced,unresolved,unresolved,unresolved,
robots/Goose_V0.1/hardware/native_pitch_fastener_stacks.json:lower_neck:outer_race_cover:lower_neck_bearing_outer_retainer,lower_neck_outer_race_cover_fastener_mass_bound,robots/Goose_V0.1/hardware/native_pitch_fastener_stacks.json,lower_neck,outer_race_cover,neck_pitch,lower_neck_bearing_outer_retainer,M2.5,5,3,1.0;0.5,,,3.5,3,5.5,,0.0022307253664437345,"conservative full-cylinder screw/head/washer envelope at steel7850kg/m3; anchored to actual CAD part COM,30mm isotropic inertia approximation; not catalog weighing",true,false,false,,unresolved,sourced,sourced,unresolved,unresolved,unresolved,
robots/Goose_V0.1/hardware/native_pitch_fastener_stacks.json:lower_neck:output_to_motor:lower_neck_output_adapter,lower_neck_output_to_motor_fastener_mass_bound,robots/Goose_V0.1/hardware/native_pitch_fastener_stacks.json,lower_neck,output_to_motor,neck_pitch,lower_neck_output_adapter,M3,8,6,4.0;0.5,,,3.5,3.0,4.5,,0.008707236627893142,"conservative full-cylinder screw/head/washer envelope at steel7850kg/m3; anchored to actual CAD part COM,30mm isotropic inertia approximation; not catalog weighing",true,false,false,,unresolved,sourced,sourced,unresolved,unresolved,unresolved,
robots/Goose_V0.1/hardware/native_pitch_fastener_stacks.json:lower_neck:root_spider:lower_neck_stationary_idler_spider,lower_neck_root_spider_fastener_mass_bound,robots/Goose_V0.1/hardware/native_pitch_fastener_stacks.json,lower_neck,root_spider,neck_yaw,lower_neck_stationary_idler_spider,M3,8,4,2.0;1.0;0.5,,,4.5,4,5,,0.005804824418595428,"conservative full-cylinder screw/head/washer envelope at steel7850kg/m3; anchored to actual CAD part COM,30mm isotropic inertia approximation; not catalog weighing",true,false,false,,unresolved,sourced,sourced,unresolved,unresolved,unresolved,
robots/Goose_V0.1/hardware/native_pitch_fastener_stacks.json:lower_neck:shaft_end:lower_neck_stationary_idler_spider,lower_neck_shaft_end_fastener_mass_bound,robots/Goose_V0.1/hardware/native_pitch_fastener_stacks.json,lower_neck,shaft_end,neck_yaw,lower_neck_stationary_idler_spider,M3,6,1,0.5,,,5.5,5,8,,0.001220744365368654,"conservative full-cylinder screw/head/washer envelope at steel7850kg/m3; anchored to actual CAD part COM,30mm isotropic inertia approximation; not catalog weighing",true,false,false,,unresolved,sourced,sourced,unresolved,unresolved,unresolved,
robots/Goose_V0.1/hardware/native_pitch_fastener_stacks.json:right_shin:bridge:right_shin_bridge,right_shin_bridge_fastener_mass_bound,robots/Goose_V0.1/hardware/native_pitch_fastener_stacks.json,right_shin,bridge,right_knee_pitch,right_shin_bridge,M3,12,4,5.5;0.5,,,6.0,5,8,,0.006692638502499904,unchanged same-thickness fork screw stack; relocated actual native anchor; conservative steel mass bound,true,false,false,,unresolved,sourced,sourced,unresolved,unresolved,unresolved,
robots/Goose_V0.1/hardware/native_pitch_fastener_stacks.json:right_shin:distal_front_case:right_shin_output_fork_plate,right_shin_distal_front_case_fastener_mass_bound,robots/Goose_V0.1/hardware/native_pitch_fastener_stacks.json,right_shin,distal_front_case,right_knee_pitch,right_shin_output_fork_plate,M3,20,6,11.5;5.5;0.0,,,3.0,3.0,4,,0.011985490132710419,unchanged same-thickness fork screw stack; relocated actual native anchor; conservative steel mass bound,true,false,false,,unresolved,sourced,sourced,unresolved,unresolved,unresolved,
robots/Goose_V0.1/hardware/native_pitch_fastener_stacks.json:right_shin:distal_rear_case:right_shin_idler_fork_plate,right_shin_distal_rear_case_fastener_mass_bound,robots/Goose_V0.1/hardware/native_pitch_fastener_stacks.json,right_shin,distal_rear_case,right_knee_pitch,right_shin_idler_fork_plate,M3,25,4,14.5;5.5;0.5,,,4.5,4.0,5,,0.00957803427518945,unchanged same-thickness fork screw stack; relocated actual native anchor; conservative steel mass bound,true,false,false,,unresolved,sourced,sourced,unresolved,unresolved,unresolved,
robots/Goose_V0.1/hardware/native_pitch_fastener_stacks.json:right_shin:fork_to_adapter:right_shin_output_fork_plate,right_shin_fork_to_adapter_fastener_mass_bound,robots/Goose_V0.1/hardware/native_pitch_fastener_stacks.json,right_shin,fork_to_adapter,right_knee_pitch,right_shin_output_fork_plate,M3,10,3,5.5;1.0,,,3.5,3.0,10.5,,0.005045003531787182,unchanged same-thickness fork screw stack; relocated actual native anchor; conservative steel mass bound,true,false,false,,unresolved,sourced,sourced,unresolved,unresolved,unresolved,
robots/Goose_V0.1/hardware/native_pitch_fastener_stacks.json:right_shin:outer_race_cover:right_shin_bearing_outer_retainer,right_shin_outer_race_cover_fastener_mass_bound,robots/Goose_V0.1/hardware/native_pitch_fastener_stacks.json,right_shin,outer_race_cover,right_knee_pitch,right_shin_bearing_outer_retainer,M2.5,5,3,1.0;0.5,,,3.5,3,5.5,,0.0022307253664437345,unchanged same-thickness fork screw stack; relocated actual native anchor; conservative steel mass bound,true,false,false,,unresolved,sourced,sourced,unresolved,unresolved,unresolved,
robots/Goose_V0.1/hardware/native_pitch_fastener_stacks.json:right_shin:output_to_motor:right_shin_output_adapter,right_shin_output_to_motor_fastener_mass_bound,robots/Goose_V0.1/hardware/native_pitch_fastener_stacks.json,right_shin,output_to_motor,right_knee_pitch,right_shin_output_adapter,M3,16,6,10.5;1.5,,,4.0,3.0,4.5,,0.0128044986251123,unchanged same-thickness fork screw stack; relocated actual native anchor; conservative steel mass bound,true,false,false,,unresolved,sourced,sourced,unresolved,unresolved,unresolved,
robots/Goose_V0.1/hardware/native_pitch_fastener_stacks.json:right_shin:shaft_end:right_shin_stationary_idler_spider,right_shin_shaft_end_fastener_mass_bound,robots/Goose_V0.1/hardware/native_pitch_fastener_stacks.json,right_shin,shaft_end,right_hip_pitch,right_shin_stationary_idler_spider,M3,6,1,0.5,,,5.5,5,8,,0.001220744365368654,unchanged same-thickness fork screw stack; relocated actual native anchor; conservative steel mass bound,true,false,false,,unresolved,sourced,sourced,unresolved,unresolved,unresolved,
robots/Goose_V0.1/hardware/native_pitch_fastener_stacks.json:right_thigh:bridge:right_thigh_bridge,right_thigh_bridge_fastener_mass_bound,robots/Goose_V0.1/hardware/native_pitch_fastener_stacks.json,right_thigh,bridge,right_hip_pitch,right_thigh_bridge,M3,12,4,5.5;0.5,,,6.0,5,8,,0.006692638502499904,unchanged same-thickness fork screw stack; relocated actual native anchor; conservative steel mass bound,true,false,false,,unresolved,sourced,sourced,unresolved,unresolved,unresolved,
robots/Goose_V0.1/hardware/native_pitch_fastener_stacks.json:right_thigh:distal_front_case:right_thigh_output_fork_plate,right_thigh_distal_front_case_fastener_mass_bound,robots/Goose_V0.1/hardware/native_pitch_fastener_stacks.json,right_thigh,distal_front_case,right_hip_pitch,right_thigh_output_fork_plate,M3,16,6,5.0;5.5;2.5,,,3.0,3.0,4,,0.014238318370618026,unchanged same-thickness fork screw stack; relocated actual native anchor; conservative steel mass bound,true,false,false,,unresolved,sourced,sourced,unresolved,unresolved,unresolved,
robots/Goose_V0.1/hardware/native_pitch_fastener_stacks.json:right_thigh:distal_rear_case:right_thigh_idler_fork_plate,right_thigh_distal_rear_case_fastener_mass_bound,robots/Goose_V0.1/hardware/native_pitch_fastener_stacks.json,right_thigh,distal_rear_case,right_hip_pitch,right_thigh_idler_fork_plate,M3,20,4,8.0;5.5;2.5,,,4.0,4.0,5,,0.010380026330983158,unchanged same-thickness fork screw stack; relocated actual native anchor; conservative steel mass bound,true,true,false,,unresolved,sourced,sourced,unresolved,unresolved,unresolved,
robots/Goose_V0.1/hardware/native_pitch_fastener_stacks.json:right_thigh:fork_to_adapter:right_thigh_output_fork_plate,right_thigh_fork_to_adapter_fastener_mass_bound,robots/Goose_V0.1/hardware/native_pitch_fastener_stacks.json,right_thigh,fork_to_adapter,right_hip_pitch,right_thigh_output_fork_plate,M3,10,3,5.5;1.0,,,3.5,3.0,4.0,,0.005045003531787182,unchanged same-thickness fork screw stack; relocated actual native anchor; conservative steel mass bound,true,false,false,,unresolved,sourced,sourced,unresolved,unresolved,unresolved,
robots/Goose_V0.1/hardware/native_pitch_fastener_stacks.json:right_thigh:outer_race_cover:right_thigh_bearing_outer_retainer,right_thigh_outer_race_cover_fastener_mass_bound,robots/Goose_V0.1/hardware/native_pitch_fastener_stacks.json,right_thigh,outer_race_cover,right_hip_pitch,right_thigh_bearing_outer_retainer,M2.5,5,3,1.0;0.5,,,3.5,3,5.5,,0.0022307253664437345,unchanged same-thickness fork screw stack; relocated actual native anchor; conservative steel mass bound,true,false,false,,unresolved,sourced,sourced,unresolved,unresolved,unresolved,
robots/Goose_V0.1/hardware/native_pitch_fastener_stacks.json:right_thigh:output_to_motor:right_thigh_output_adapter,right_thigh_output_to_motor_fastener_mass_bound,robots/Goose_V0.1/hardware/native_pitch_fastener_stacks.json,right_thigh,output_to_motor,right_hip_pitch,right_thigh_output_adapter,M3,8,6,4.0;0.5,,,3.5,3.0,4.5,,0.008707236627893142,unchanged same-thickness fork screw stack; relocated actual native anchor; conservative steel mass bound,true,false,false,,unresolved,sourced,sourced,unresolved,unresolved,unresolved,
robots/Goose_V0.1/hardware/native_pitch_fastener_stacks.json:right_thigh:root_spider:right_thigh_stationary_idler_spider,right_thigh_root_spider_fastener_mass_bound,robots/Goose_V0.1/hardware/native_pitch_fastener_stacks.json,right_thigh,root_spider,right_hip_roll,right_thigh_stationary_idler_spider,M3,8,4,2.0;1.0;0.5,,,4.5,4,5,,0.005804824418595428,unchanged same-thickness fork screw stack; relocated actual native anchor; conservative steel mass bound,true,false,false,,unresolved,sourced,sourced,unresolved,unresolved,unresolved,
robots/Goose_V0.1/hardware/native_pitch_fastener_stacks.json:right_thigh:shaft_end:right_thigh_stationary_idler_spider,right_thigh_shaft_end_fastener_mass_bound,robots/Goose_V0.1/hardware/native_pitch_fastener_stacks.json,right_thigh,shaft_end,right_hip_roll,right_thigh_stationary_idler_spider,M3,6,1,0.5,,,5.5,5,8,,0.001220744365368654,unchanged same-thickness fork screw stack; relocated actual native anchor; conservative steel mass bound,true,false,false,,unresolved,sourced,sourced,unresolved,unresolved,unresolved,
robots/Goose_V0.1/hardware/native_pitch_fastener_stacks.json:upper_neck:bridge:upper_neck_bridge,upper_neck_bridge_fastener_mass_bound,robots/Goose_V0.1/hardware/native_pitch_fastener_stacks.json,upper_neck,bridge,neck_mid_pitch,upper_neck_bridge,M3,12,4,5.5;0.5,,,6.0,5,8,,0.006692638502499904,"conservative full-cylinder screw/head/washer envelope at steel7850kg/m3; anchored to actual CAD part COM,30mm isotropic inertia approximation; not catalog weighing",true,false,false,,unresolved,sourced,sourced,unresolved,unresolved,unresolved,
robots/Goose_V0.1/hardware/native_pitch_fastener_stacks.json:upper_neck:distal_front_case:upper_neck_output_fork_plate,upper_neck_distal_front_case_fastener_mass_bound,robots/Goose_V0.1/hardware/native_pitch_fastener_stacks.json,upper_neck,distal_front_case,neck_mid_pitch,upper_neck_output_fork_plate,M2.5,25,6,15.149999999999999;5.5;0.5,,,3.8500000000000014,3.0,5,,0.009085482419889946,"conservative full-cylinder screw/head/washer envelope at steel7850kg/m3; anchored to actual CAD part COM,30mm isotropic inertia approximation; not catalog weighing",true,false,false,,unresolved,sourced,sourced,unresolved,unresolved,unresolved,
robots/Goose_V0.1/hardware/native_pitch_fastener_stacks.json:upper_neck:distal_rear_case:upper_neck_idler_fork_plate,upper_neck_distal_rear_case_fastener_mass_bound,robots/Goose_V0.1/hardware/native_pitch_fastener_stacks.json,upper_neck,distal_rear_case,neck_mid_pitch,upper_neck_idler_fork_plate,M2.5,30,4,20.15;5.5;0.5,,,3.8500000000000014,3.0,5,,0.006827660227760377,"conservative full-cylinder screw/head/washer envelope at steel7850kg/m3; anchored to actual CAD part COM,30mm isotropic inertia approximation; not catalog weighing",true,false,false,,unresolved,sourced,sourced,unresolved,unresolved,unresolved,
robots/Goose_V0.1/hardware/native_pitch_fastener_stacks.json:upper_neck:fork_to_adapter:upper_neck_output_fork_plate,upper_neck_fork_to_adapter_fastener_mass_bound,robots/Goose_V0.1/hardware/native_pitch_fastener_stacks.json,upper_neck,fork_to_adapter,neck_mid_pitch,upper_neck_output_fork_plate,M3,10,3,5.5;1.0,,,3.5,3.0,10.5,,0.005045003531787182,"conservative full-cylinder screw/head/washer envelope at steel7850kg/m3; anchored to actual CAD part COM,30mm isotropic inertia approximation; not catalog weighing",true,false,false,,unresolved,sourced,sourced,unresolved,unresolved,unresolved,
robots/Goose_V0.1/hardware/native_pitch_fastener_stacks.json:upper_neck:outer_race_cover:upper_neck_bearing_outer_retainer,upper_neck_outer_race_cover_fastener_mass_bound,robots/Goose_V0.1/hardware/native_pitch_fastener_stacks.json,upper_neck,outer_race_cover,neck_mid_pitch,upper_neck_bearing_outer_retainer,M2.5,5,3,1.0;0.5,,,3.5,3,5.5,,0.0022307253664437345,"conservative full-cylinder screw/head/washer envelope at steel7850kg/m3; anchored to actual CAD part COM,30mm isotropic inertia approximation; not catalog weighing",true,false,false,,unresolved,sourced,sourced,unresolved,unresolved,unresolved,
robots/Goose_V0.1/hardware/native_pitch_fastener_stacks.json:upper_neck:output_to_motor:upper_neck_output_adapter,upper_neck_output_to_motor_fastener_mass_bound,robots/Goose_V0.1/hardware/native_pitch_fastener_stacks.json,upper_neck,output_to_motor,neck_mid_pitch,upper_neck_output_adapter,M3,16,6,10.5;1.5,,,4.0,3.0,4.5,,0.0128044986251123,"conservative full-cylinder screw/head/washer envelope at steel7850kg/m3; anchored to actual CAD part COM,30mm isotropic inertia approximation; not catalog weighing",true,false,false,,unresolved,sourced,sourced,unresolved,unresolved,unresolved,
robots/Goose_V0.1/hardware/native_pitch_fastener_stacks.json:upper_neck:shaft_end:upper_neck_stationary_idler_spider,upper_neck_shaft_end_fastener_mass_bound,robots/Goose_V0.1/hardware/native_pitch_fastener_stacks.json,upper_neck,shaft_end,neck_pitch,upper_neck_stationary_idler_spider,M3,6,1,0.5,,,5.5,5,8,,0.001220744365368654,"conservative full-cylinder screw/head/washer envelope at steel7850kg/m3; anchored to actual CAD part COM,30mm isotropic inertia approximation; not catalog weighing",true,false,false,,unresolved,sourced,sourced,unresolved,unresolved,unresolved,
