assembly,role,thread,length_mm,count,effective_engagement_mm,minimum_engagement_mm,maximum_insertion_mm,length_pass,shared_case_bolt,released
lower_neck,output_to_motor,M3,8,6,3.5,3.0,4.5,True,False,False
lower_neck,fork_to_adapter,M3,10,3,3.5,3.0,4.0,True,False,False
lower_neck,bridge,M3,12,4,6.0,5,8,True,False,False
lower_neck,outer_race_cover,M2.5,5,3,3.5,3,5.5,True,False,False
lower_neck,shaft_end,M3,6,1,5.5,5,8,True,False,False
lower_neck,root_spider,M3,8,4,4.5,4,5,True,False,False
lower_neck,distal_front_case,M3,16,6,3.0,3.0,4,True,False,False
lower_neck,distal_rear_case,M3,20,4,4.0,4.0,5,True,True,False
upper_neck,output_to_motor,M3,16,6,4.0,3.0,4.5,True,False,False
upper_neck,fork_to_adapter,M3,10,3,3.5,3.0,10.5,True,False,False
upper_neck,bridge,M3,12,4,6.0,5,8,True,False,False
upper_neck,outer_race_cover,M2.5,5,3,3.5,3,5.5,True,False,False
upper_neck,shaft_end,M3,6,1,5.5,5,8,True,False,False
upper_neck,distal_front_case,M2.5,25,6,3.8500000000000014,3.0,5,True,False,False
upper_neck,distal_rear_case,M2.5,30,4,3.8500000000000014,3.0,5,True,False,False
right_thigh,output_to_motor,M3,8,6,3.5,3.0,4.5,True,False,False
right_thigh,fork_to_adapter,M3,10,3,3.5,3.0,4.0,True,False,False
right_thigh,bridge,M3,12,4,6.0,5,8,True,False,False
right_thigh,outer_race_cover,M2.5,5,3,3.5,3,5.5,True,False,False
right_thigh,shaft_end,M3,6,1,5.5,5,8,True,False,False
right_thigh,root_spider,M3,8,4,4.5,4,5,True,False,False
right_thigh,distal_front_case,M3,16,6,3.0,3.0,4,True,False,False
right_thigh,distal_rear_case,M3,20,4,4.0,4.0,5,True,True,False
right_shin,output_to_motor,M3,16,6,4.0,3.0,4.5,True,False,False
right_shin,fork_to_adapter,M3,10,3,3.5,3.0,10.5,True,False,False
right_shin,bridge,M3,12,4,6.0,5,8,True,False,False
right_shin,outer_race_cover,M2.5,5,3,3.5,3,5.5,True,False,False
right_shin,shaft_end,M3,6,1,5.5,5,8,True,False,False
right_shin,distal_front_case,M3,20,6,3.0,3.0,4,True,False,False
right_shin,distal_rear_case,M3,25,4,4.5,4.0,5,True,False,False
left_thigh,output_to_motor,M3,8,6,3.5,3.0,4.5,True,False,False
left_thigh,fork_to_adapter,M3,10,3,3.5,3.0,4.0,True,False,False
left_thigh,bridge,M3,12,4,6.0,5,8,True,False,False
left_thigh,outer_race_cover,M2.5,5,3,3.5,3,5.5,True,False,False
left_thigh,shaft_end,M3,6,1,5.5,5,8,True,False,False
left_thigh,root_spider,M3,8,4,4.5,4,5,True,False,False
left_thigh,distal_front_case,M3,16,6,3.0,3.0,4,True,False,False
left_thigh,distal_rear_case,M3,20,4,4.0,4.0,5,True,True,False
left_shin,output_to_motor,M3,16,6,4.0,3.0,4.5,True,False,False
left_shin,fork_to_adapter,M3,10,3,3.5,3.0,10.5,True,False,False
left_shin,bridge,M3,12,4,6.0,5,8,True,False,False
left_shin,outer_race_cover,M2.5,5,3,3.5,3,5.5,True,False,False
left_shin,shaft_end,M3,6,1,5.5,5,8,True,False,False
left_shin,distal_front_case,M3,20,6,3.0,3.0,4,True,False,False
left_shin,distal_rear_case,M3,25,4,4.5,4.0,5,True,False,False
