id,description,quantity,specification,mass_kg,mass_basis,step,source,domestic_price_rmb,procurement_release,installation
logic_buck_board,Pololu D24V90F5 #2866,1,"5V bare module, actual OEM hole pattern; enclosed thermal/current release pending",0.0048,"catalogue bare PCB mass, already contained in retained robot allocation",,https://www.pololu.com/product/2866/resources,,False,"Selected board, no wiring or thermal acceptance"
logic_buck_frame_carrier,Original CNC6061-T6 perimeter carrier,1,2mm plate with integral M2 tapped posts; see native STEP and stack config,0.004175263597247139,native volume x assumed6061 density2700kg/m3,cad/exports/power_module_mounts/logic_buck_frame_carrier.step,configs/power_module_mounts.json,,False,New carrier above current neck rear frame
servo_buck_board,Pololu D24V22F5 #2858,1,"5V bare module, actual OEM hole pattern; enclosed thermal/current release pending",0.0023,"catalogue bare PCB mass, already contained in retained robot allocation",,https://www.pololu.com/product/2858/resources,,False,"Selected board, no wiring or thermal acceptance"
servo_buck_frame_carrier,Original CNC6061-T6 perimeter carrier,1,2mm plate with integral M2 tapped posts; see native STEP and stack config,0.003498508329731563,native volume x assumed6061 density2700kg/m3,cad/exports/power_module_mounts/servo_buck_frame_carrier.step,configs/power_module_mounts.json,,False,New carrier above current neck rear frame
pcb_insulating_washer,Nylon M2 insulating washer,12,OD4 / ID2.2 / t0.5mm,6.0478800174257074e-05,"sum of nominal native envelopes, not measured helical hardware",cad/exports/power_module_mounts/logic_buck_pcb_0_bottom_washer.step,configs/power_module_mounts.json,,False,12 new washers; material/preload and tolerance pending
pcb_m2x6,Steel M2x6 socket screw candidate,6,nominal head OD3.8 / h2mm;6mm below bearing,0.001943690808405391,"sum of nominal native envelopes, not measured helical hardware",cad/exports/power_module_mounts/logic_buck_pcb_0_m2x6.step,configs/power_module_mounts.json,,False,Six new PCB bolts; M2 tap minor bore1.6mm
frame_m3_washer,Steel M3 washer candidate,8,OD6 / ID3.2 / t0.5mm,0.0006312339287004899,"sum of nominal native envelopes, not measured helical hardware",cad/exports/power_module_mounts/neck_power_frame_1_top_washer.step,configs/power_module_mounts.json,,False,Eight washers replace four existing two-washer stacks
frame_m3x18,Steel M3x18 socket screw candidate,4,nominal head OD5.5 / h3mm;18mm below bearing,0.006193492836919598,"sum of nominal native envelopes, not measured helical hardware",cad/exports/power_module_mounts/neck_power_frame_1_m3x18.step,configs/power_module_mounts.json,,False,"Four replace M3x16; new15.4mm stack,2.6mm nominal protrusion"
frame_m3_nut,Steel M3 nut candidate,4,across flats5.5 / h2.4mm; nominal tapped bore,0.0015940851221501987,"sum of nominal native envelopes, not measured helical hardware",cad/exports/power_module_mounts/neck_power_frame_1_m3_nut.step,configs/power_module_mounts.json,,False,Four replace existing frame nuts; locking/preload remains pending
