item,candidate,quantity,basis,release_status,primary_source
beak_motor,AK45-36 V3.0,1,349g;55x56.5mm;24V nominal,Included in17-axis actuator BOM;do not double-count,https://www.cubemars.com/product/ak45-36-v3-0-kv80-robotic-actuator.html
jaw_bearing,JTEKT698,2,8x19x6mm;7.2g;C0r910N,Conditional static screen only;fit/retention pending,https://koyo.jtekt.co.jp/en/products/detail/?pno=698
link_bush,igus GFM-0506-05,2,ID5 OD6 flange10 length5mm,20C pressure/PV screen;press fit and high-temperature wear pending,https://www.igus.com/ContentData/Products/Downloads/iglide_G300_FM_USen.pdf
crank_and_coupler,Custom6061-T6 blanks,1,crank12mm;link39.8246mm;input2.5/output4/link4.5mm thick,Set of blanks;bores/output interface/fasteners not fabrication-released,
jaw_axle,Custom steel8mm axle,1,certified yield>=480MPa required,D-flat/clamp and fatigue not released,
shoulder_pins,5mm shoulder pin candidate,2,8.5mm modeled length,Exact threaded retention SKU pending,
logic_converter,Pololu D24V90F5 #2866,1,5V;4.8g bare board;25g assembly allocation,3.5A design load;thermal and connectors pending,https://www.pololu.com/product/2866
head_roll_converter,Pololu D24V22F5 #2858,1,5V;2.3g bare board;40g assembly allocation,2A branch design;thermal/peak verification pending,https://www.pololu.com/product/2858/specs
main_protection_and_regen,Unselected,1,40A/60V design class;12J pulse absorption requirement,BLOCKING:exactAK48 window and dump/clamp hardware/fit not confirmed,https://www.cubemars.com/technical-support-and-software-download.html
