id,quantity,kind,nominal_description,material,mass_each_kg,sku,manufacturer_url,source_step,purchase_released,remaining
torso_mounted_shell_right_aft,1,own_replacement_shell_candidate,"Existing exterior; inside9.2OD blind boss,4.0mm pilot; insert fit and strength unqualified",PETG density1270 candidate,0.09750232077832108,,,cad/exports/torso_shell_mounts/torso_mounted_shell_right_aft.step,False,"Material/grade, purchased tolerances, tool and service paths, preload, full assembly and strength"
torso_roof_frame_carrier_right_aft,1,own_cnc_carrier_candidate,"Monolithic frame flange,8x3mm brace and roof pad; machining, fillets, preload and strength unqualified",6061 density2700 candidate,0.007350924554892746,,,cad/exports/torso_shell_mounts/torso_roof_frame_carrier_right_aft.step,False,"Material/grade, purchased tolerances, tool and service paths, preload, full assembly and strength"
torso_roof_m3_insert_right_aft,1,selected_insert_envelope_not_purchase_released,"M3x5.7,maxOD4.6; envelope not printable; purchased revision and PETG heat-set qualification pending",brass density8500 conservative envelope,0.0005673633865576008,ruthex RX-M3x5.7 / GE-M3x57-001,https://www.ruthex.de/products/ruthex-gewindeeinsatz-m3-100-stuck-rx-m3x5-7-messing-gewindebuchsen,cad/exports/torso_shell_mounts/torso_roof_m3_insert_right_aft.step,False,"Material/grade, purchased tolerances, tool and service paths, preload, full assembly and strength"
torso_roof_washer_right_aft,1,nominal_hardware_not_purchase_released,Nominal steel washer7ODx3.2IDx0.5mm,steel density7850 candidate,0.00011948497879214401,,,cad/exports/torso_shell_mounts/torso_roof_washer_right_aft.step,False,"Material/grade, purchased tolerances, tool and service paths, preload, full assembly and strength"
torso_roof_m3x8_right_aft,1,nominal_hardware_not_purchase_released,"M3x8 nominal screw,head5.5ODx3; insert engagement5.0mm",steel density7850 candidate,0.0010034148760795368,,,cad/exports/torso_shell_mounts/torso_roof_m3x8_right_aft.step,False,"Material/grade, purchased tolerances, tool and service paths, preload, full assembly and strength"
compute_frame_0_top_washer,1,nominal_hardware_not_purchase_released,Nominal steel washer7ODx3.2IDx0.5mm,steel density7800 candidate,0.00011872392797181184,,,cad/exports/torso_shell_mounts/compute_frame_0_top_washer.step,False,"Material/grade, purchased tolerances, tool and service paths, preload, full assembly and strength"
compute_frame_0_m3x16,1,nominal_hardware_not_purchase_released,M3x16 nominal screw replaces shared compute M3x12,steel density7800 candidate,0.0014381033070888984,,,cad/exports/torso_shell_mounts/compute_frame_0_m3x16.step,False,"Material/grade, purchased tolerances, tool and service paths, preload, full assembly and strength"
compute_frame_0_raised_m3_nut,1,nominal_hardware_not_purchase_released,"M3 nominal nut,AF5.5,height2.4; raised2mm from previous stack",steel density7800 candidate,0.0004057255808107618,,,cad/exports/torso_shell_mounts/compute_frame_0_raised_m3_nut.step,False,"Material/grade, purchased tolerances, tool and service paths, preload, full assembly and strength"
torso_mounted_shell_left_aft,1,own_replacement_shell_candidate,"Existing exterior; inside9.2OD blind boss,4.0mm pilot; insert fit and strength unqualified",PETG density1270 candidate,0.09750232077832455,,,cad/exports/torso_shell_mounts/torso_mounted_shell_left_aft.step,False,"Material/grade, purchased tolerances, tool and service paths, preload, full assembly and strength"
torso_roof_frame_carrier_left_aft,1,own_cnc_carrier_candidate,"Monolithic frame flange,8x3mm brace and roof pad; machining, fillets, preload and strength unqualified",6061 density2700 candidate,0.007350912360439164,,,cad/exports/torso_shell_mounts/torso_roof_frame_carrier_left_aft.step,False,"Material/grade, purchased tolerances, tool and service paths, preload, full assembly and strength"
torso_roof_m3_insert_left_aft,1,selected_insert_envelope_not_purchase_released,"M3x5.7,maxOD4.6; envelope not printable; purchased revision and PETG heat-set qualification pending",brass density8500 conservative envelope,0.0005673633865576008,ruthex RX-M3x5.7 / GE-M3x57-001,https://www.ruthex.de/products/ruthex-gewindeeinsatz-m3-100-stuck-rx-m3x5-7-messing-gewindebuchsen,cad/exports/torso_shell_mounts/torso_roof_m3_insert_left_aft.step,False,"Material/grade, purchased tolerances, tool and service paths, preload, full assembly and strength"
torso_roof_washer_left_aft,1,nominal_hardware_not_purchase_released,Nominal steel washer7ODx3.2IDx0.5mm,steel density7850 candidate,0.0001194849787921439,,,cad/exports/torso_shell_mounts/torso_roof_washer_left_aft.step,False,"Material/grade, purchased tolerances, tool and service paths, preload, full assembly and strength"
torso_roof_m3x8_left_aft,1,nominal_hardware_not_purchase_released,"M3x8 nominal screw,head5.5ODx3; insert engagement5.0mm",steel density7850 candidate,0.0010034148760795366,,,cad/exports/torso_shell_mounts/torso_roof_m3x8_left_aft.step,False,"Material/grade, purchased tolerances, tool and service paths, preload, full assembly and strength"
compute_frame_2_top_washer,1,nominal_hardware_not_purchase_released,Nominal steel washer7ODx3.2IDx0.5mm,steel density7800 candidate,0.00011872392797181181,,,cad/exports/torso_shell_mounts/compute_frame_2_top_washer.step,False,"Material/grade, purchased tolerances, tool and service paths, preload, full assembly and strength"
compute_frame_2_m3x16,1,nominal_hardware_not_purchase_released,M3x16 nominal screw replaces shared compute M3x12,steel density7800 candidate,0.0014381033070888982,,,cad/exports/torso_shell_mounts/compute_frame_2_m3x16.step,False,"Material/grade, purchased tolerances, tool and service paths, preload, full assembly and strength"
compute_frame_2_raised_m3_nut,1,nominal_hardware_not_purchase_released,"M3 nominal nut,AF5.5,height2.4; raised2mm from previous stack",steel density7800 candidate,0.0004057255808107618,,,cad/exports/torso_shell_mounts/compute_frame_2_raised_m3_nut.step,False,"Material/grade, purchased tolerances, tool and service paths, preload, full assembly and strength"
torso_mounted_shell_right_fore,1,own_replacement_shell_candidate,"Existing exterior; inside9.2OD blind boss,4.0mm pilot; insert fit and strength unqualified",PETG density1270 candidate,0.09574096767184083,,,cad/exports/torso_shell_mounts/torso_mounted_shell_right_fore.step,False,"Material/grade, purchased tolerances, tool and service paths, preload, full assembly and strength"
torso_roof_frame_carrier_right_fore,1,own_cnc_carrier_candidate,"Monolithic frame flange,8x3mm brace and roof pad; machining, fillets, preload and strength unqualified",6061 density2700 candidate,0.006222235055891892,,,cad/exports/torso_shell_mounts/torso_roof_frame_carrier_right_fore.step,False,"Material/grade, purchased tolerances, tool and service paths, preload, full assembly and strength"
torso_roof_m3_insert_right_fore,1,selected_insert_envelope_not_purchase_released,"M3x5.7,maxOD4.6; envelope not printable; purchased revision and PETG heat-set qualification pending",brass density8500 conservative envelope,0.0005673633865576013,ruthex RX-M3x5.7 / GE-M3x57-001,https://www.ruthex.de/products/ruthex-gewindeeinsatz-m3-100-stuck-rx-m3x5-7-messing-gewindebuchsen,cad/exports/torso_shell_mounts/torso_roof_m3_insert_right_fore.step,False,"Material/grade, purchased tolerances, tool and service paths, preload, full assembly and strength"
torso_roof_washer_right_fore,1,nominal_hardware_not_purchase_released,Nominal steel washer7ODx3.2IDx0.5mm,steel density7850 candidate,0.0001194849787921443,,,cad/exports/torso_shell_mounts/torso_roof_washer_right_fore.step,False,"Material/grade, purchased tolerances, tool and service paths, preload, full assembly and strength"
torso_roof_m3x8_right_fore,1,nominal_hardware_not_purchase_released,"M3x8 nominal screw,head5.5ODx3; insert engagement5.0mm",steel density7850 candidate,0.0010034148760795373,,,cad/exports/torso_shell_mounts/torso_roof_m3x8_right_fore.step,False,"Material/grade, purchased tolerances, tool and service paths, preload, full assembly and strength"
neck_power_frame_2_top_washer,1,nominal_hardware_not_purchase_released,Nominal steel washer6ODx3.2IDx0.5mm,steel density7800 candidate,7.890424108756123e-05,,,cad/exports/torso_shell_mounts/neck_power_frame_2_top_washer.step,False,"Material/grade, purchased tolerances, tool and service paths, preload, full assembly and strength"
neck_power_frame_2_m3x20,1,nominal_hardware_not_purchase_released,M3x20 nominal screw replaces shared neck power M3x18,steel density7800 candidate,0.001658643111370901,,,cad/exports/torso_shell_mounts/neck_power_frame_2_m3x20.step,False,"Material/grade, purchased tolerances, tool and service paths, preload, full assembly and strength"
torso_mounted_shell_left_fore,1,own_replacement_shell_candidate,"Existing exterior; inside9.2OD blind boss,4.0mm pilot; insert fit and strength unqualified",PETG density1270 candidate,0.09574096767187046,,,cad/exports/torso_shell_mounts/torso_mounted_shell_left_fore.step,False,"Material/grade, purchased tolerances, tool and service paths, preload, full assembly and strength"
torso_roof_frame_carrier_left_fore,1,own_cnc_carrier_candidate,"Monolithic frame flange,8x3mm brace and roof pad; machining, fillets, preload and strength unqualified",6061 density2700 candidate,0.006222246442434339,,,cad/exports/torso_shell_mounts/torso_roof_frame_carrier_left_fore.step,False,"Material/grade, purchased tolerances, tool and service paths, preload, full assembly and strength"
torso_roof_m3_insert_left_fore,1,selected_insert_envelope_not_purchase_released,"M3x5.7,maxOD4.6; envelope not printable; purchased revision and PETG heat-set qualification pending",brass density8500 conservative envelope,0.0005673633865576017,ruthex RX-M3x5.7 / GE-M3x57-001,https://www.ruthex.de/products/ruthex-gewindeeinsatz-m3-100-stuck-rx-m3x5-7-messing-gewindebuchsen,cad/exports/torso_shell_mounts/torso_roof_m3_insert_left_fore.step,False,"Material/grade, purchased tolerances, tool and service paths, preload, full assembly and strength"
torso_roof_washer_left_fore,1,nominal_hardware_not_purchase_released,Nominal steel washer7ODx3.2IDx0.5mm,steel density7850 candidate,0.00011948497879214419,,,cad/exports/torso_shell_mounts/torso_roof_washer_left_fore.step,False,"Material/grade, purchased tolerances, tool and service paths, preload, full assembly and strength"
torso_roof_m3x8_left_fore,1,nominal_hardware_not_purchase_released,"M3x8 nominal screw,head5.5ODx3; insert engagement5.0mm",steel density7850 candidate,0.0010034148760795375,,,cad/exports/torso_shell_mounts/torso_roof_m3x8_left_fore.step,False,"Material/grade, purchased tolerances, tool and service paths, preload, full assembly and strength"
neck_power_frame_3_top_washer,1,nominal_hardware_not_purchase_released,Nominal steel washer6ODx3.2IDx0.5mm,steel density7800 candidate,7.890424108756123e-05,,,cad/exports/torso_shell_mounts/neck_power_frame_3_top_washer.step,False,"Material/grade, purchased tolerances, tool and service paths, preload, full assembly and strength"
neck_power_frame_3_m3x20,1,nominal_hardware_not_purchase_released,M3x20 nominal screw replaces shared neck power M3x18,steel density7800 candidate,0.001658643111370901,,,cad/exports/torso_shell_mounts/neck_power_frame_3_m3x20.step,False,"Material/grade, purchased tolerances, tool and service paths, preload, full assembly and strength"
